date,campaign_id,channel_name,ad_spend,clicks,applications_started,applications_completed,hires,
1/1/2026,Software Engineer - L3,Google Jobs,157.45,64,7,6,0,
1/1/2026,Software Engineer - L3,Indeed,123.4,93,3,3,0,
1/1/2026,Software Engineer - L3,LinkedIn,240.17,67,6,5,0,
1/1/2026,Software Engineer - L3,ZipRecruiter,324.87,166,5,4,0,
1/1/2026,Software Engineer - L3,Niche Tech Board,101.3,23,7,6,1,
1/1/2026,Data Analyst - Mid,Google Jobs,181.19,110,10,8,0,
1/1/2026,Data Analyst - Mid,Indeed,168.41,92,5,4,0,
1/1/2026,Data Analyst - Mid,LinkedIn,238.86,92,14,11,1,
1/1/2026,Data Analyst - Mid,ZipRecruiter,209.76,85,5,4,0,
1/1/2026,Data Analyst - Mid,Niche Tech Board,101.32,27,10,8,2,
1/1/2026,Product Manager,Google Jobs,132.2,66,5,4,0,
1/1/2026,Product Manager,Indeed,138.82,80,5,4,0,
1/1/2026,Product Manager,LinkedIn,232.01,83,15,12,2,
1/1/2026,Product Manager,ZipRecruiter,340.92,140,6,5,0,
1/1/2026,Product Manager,Niche Tech Board,86.19,22,5,4,1,
1/2/2026,Software Engineer - L3,Google Jobs,158.87,89,11,9,0,
1/2/2026,Software Engineer - L3,Indeed,142.14,86,5,4,0,
1/2/2026,Software Engineer - L3,LinkedIn,161.18,40,6,5,0,
1/2/2026,Software Engineer - L3,ZipRecruiter,200.83,84,3,3,0,
1/2/2026,Software Engineer - L3,Niche Tech Board,133.99,37,11,9,2,
1/2/2026,Data Analyst - Mid,Google Jobs,206.31,97,9,7,0,
1/2/2026,Data Analyst - Mid,Indeed,146.65,100,9,7,0,
1/2/2026,Data Analyst - Mid,LinkedIn,283.08,88,9,7,1,
1/2/2026,Data Analyst - Mid,ZipRecruiter,314.12,143,7,6,0,
1/2/2026,Data Analyst - Mid,Niche Tech Board,116.59,28,6,5,1,
1/2/2026,Product Manager,Google Jobs,123.14,57,5,4,0,
1/2/2026,Product Manager,Indeed,236.13,168,13,10,1,
1/2/2026,Product Manager,LinkedIn,184.32,70,9,7,0,
1/2/2026,Product Manager,ZipRecruiter,339.45,143,6,5,0,
1/2/2026,Product Manager,Niche Tech Board,136.26,36,15,12,3,
1/3/2026,Software Engineer - L3,Google Jobs,200.74,83,7,6,0,
1/3/2026,Software Engineer - L3,Indeed,134.19,87,9,7,0,
1/3/2026,Software Engineer - L3,LinkedIn,151.04,46,6,5,0,
1/3/2026,Software Engineer - L3,ZipRecruiter,217.98,107,6,5,0,
1/3/2026,Software Engineer - L3,Niche Tech Board,116.32,25,7,6,2,
1/3/2026,Data Analyst - Mid,Google Jobs,216.24,123,14,11,1,
1/3/2026,Data Analyst - Mid,Indeed,142.73,116,10,8,0,
1/3/2026,Data Analyst - Mid,LinkedIn,157.72,54,9,7,0,
1/3/2026,Data Analyst - Mid,ZipRecruiter,221.73,103,6,5,0,
1/3/2026,Data Analyst - Mid,Niche Tech Board,127.05,27,7,6,2,
1/3/2026,Product Manager,Google Jobs,156.78,73,9,7,0,
1/3/2026,Product Manager,Indeed,113.54,60,3,3,0,
1/3/2026,Product Manager,LinkedIn,156.12,46,6,5,0,
1/3/2026,Product Manager,ZipRecruiter,276.81,141,6,5,0,
1/3/2026,Product Manager,Niche Tech Board,128.37,31,13,10,2,
1/4/2026,Software Engineer - L3,Google Jobs,154.11,95,13,10,1,
1/4/2026,Software Engineer - L3,Indeed,138.69,80,7,6,0,
1/4/2026,Software Engineer - L3,LinkedIn,229.45,80,7,6,1,
1/4/2026,Software Engineer - L3,ZipRecruiter,335.06,149,5,4,0,
1/4/2026,Software Engineer - L3,Niche Tech Board,130.82,26,10,8,2,
1/4/2026,Data Analyst - Mid,Google Jobs,184.2,116,10,8,1,
1/4/2026,Data Analyst - Mid,Indeed,190.96,158,9,7,0,
1/4/2026,Data Analyst - Mid,LinkedIn,150.76,54,7,6,1,
1/4/2026,Data Analyst - Mid,ZipRecruiter,297.79,152,7,6,0,
1/4/2026,Data Analyst - Mid,Niche Tech Board,102.78,22,7,6,2,
1/4/2026,Product Manager,Google Jobs,185.76,89,6,5,0,
1/4/2026,Product Manager,Indeed,139.78,100,10,8,0,
1/4/2026,Product Manager,LinkedIn,283.81,82,14,11,1,
1/4/2026,Product Manager,ZipRecruiter,286.54,133,3,3,0,
1/4/2026,Product Manager,Niche Tech Board,99.65,28,10,8,2,
1/5/2026,Software Engineer - L3,Google Jobs,214.05,87,11,9,0,
1/5/2026,Software Engineer - L3,Indeed,102.32,52,3,3,0,
1/5/2026,Software Engineer - L3,LinkedIn,294.54,77,9,7,0,
1/5/2026,Software Engineer - L3,ZipRecruiter,327.67,162,5,4,0,
1/5/2026,Software Engineer - L3,Niche Tech Board,145.53,32,11,9,2,
1/5/2026,Data Analyst - Mid,Google Jobs,181.5,72,5,4,0,
1/5/2026,Data Analyst - Mid,Indeed,231.61,129,11,9,0,
1/5/2026,Data Analyst - Mid,LinkedIn,203.92,69,11,9,1,
1/5/2026,Data Analyst - Mid,ZipRecruiter,330.06,135,5,4,0,
1/5/2026,Data Analyst - Mid,Niche Tech Board,135.88,30,11,9,3,
1/5/2026,Product Manager,Google Jobs,209,113,11,9,0,
1/5/2026,Product Manager,Indeed,186.74,151,11,9,0,
1/5/2026,Product Manager,LinkedIn,192.98,56,5,4,0,
1/5/2026,Product Manager,ZipRecruiter,323.39,157,3,3,0,
1/5/2026,Product Manager,Niche Tech Board,133.9,35,13,10,2,
1/6/2026,Software Engineer - L3,Google Jobs,125.17,61,6,5,0,
1/6/2026,Software Engineer - L3,Indeed,208.91,105,7,6,0,
1/6/2026,Software Engineer - L3,LinkedIn,269.28,92,13,10,1,
1/6/2026,Software Engineer - L3,ZipRecruiter,203.8,82,3,3,0,
1/6/2026,Software Engineer - L3,Niche Tech Board,108.63,28,7,6,1,
1/6/2026,Data Analyst - Mid,Google Jobs,174.92,78,9,7,0,
1/6/2026,Data Analyst - Mid,Indeed,243.23,135,11,9,0,
1/6/2026,Data Analyst - Mid,LinkedIn,212.94,74,9,7,1,
1/6/2026,Data Analyst - Mid,ZipRecruiter,202.16,107,2,2,0,
1/6/2026,Data Analyst - Mid,Niche Tech Board,139.88,30,10,8,2,
1/6/2026,Product Manager,Google Jobs,169.16,85,6,5,0,
1/6/2026,Product Manager,Indeed,159.78,94,7,6,0,
1/6/2026,Product Manager,LinkedIn,206.19,59,7,6,1,
1/6/2026,Product Manager,ZipRecruiter,298.8,156,3,3,0,
1/6/2026,Product Manager,Niche Tech Board,81.86,18,7,6,2,
1/7/2026,Software Engineer - L3,Google Jobs,158.82,74,7,6,0,
1/7/2026,Software Engineer - L3,Indeed,241.22,159,18,14,1,
1/7/2026,Software Engineer - L3,LinkedIn,179.37,68,6,5,0,
1/7/2026,Software Engineer - L3,ZipRecruiter,214.17,94,2,2,0,
1/7/2026,Software Engineer - L3,Niche Tech Board,139.14,39,15,12,3,
1/7/2026,Data Analyst - Mid,Google Jobs,131.82,60,6,5,0,
1/7/2026,Data Analyst - Mid,Indeed,210.26,114,7,6,0,
1/7/2026,Data Analyst - Mid,LinkedIn,262.59,70,13,10,1,
1/7/2026,Data Analyst - Mid,ZipRecruiter,255.8,109,3,3,0,
1/7/2026,Data Analyst - Mid,Niche Tech Board,140.09,33,13,10,3,
1/7/2026,Product Manager,Google Jobs,130.31,54,5,4,0,
1/7/2026,Product Manager,Indeed,148.01,77,5,4,0,
1/7/2026,Product Manager,LinkedIn,285.81,108,14,11,2,
1/7/2026,Product Manager,ZipRecruiter,342.59,155,7,6,0,
1/7/2026,Product Manager,Niche Tech Board,100.52,25,9,7,2,
1/8/2026,Software Engineer - L3,Google Jobs,199.16,86,6,5,0,
1/8/2026,Software Engineer - L3,Indeed,108.63,66,5,4,0,
1/8/2026,Software Engineer - L3,LinkedIn,202.64,75,7,6,1,
1/8/2026,Software Engineer - L3,ZipRecruiter,292.73,156,3,3,0,
1/8/2026,Software Engineer - L3,Niche Tech Board,85.09,17,6,5,1,
1/8/2026,Data Analyst - Mid,Google Jobs,128.48,51,5,4,0,
1/8/2026,Data Analyst - Mid,Indeed,221.92,113,13,10,1,
1/8/2026,Data Analyst - Mid,LinkedIn,206.44,78,13,10,1,
1/8/2026,Data Analyst - Mid,ZipRecruiter,263.63,108,2,2,0,
1/8/2026,Data Analyst - Mid,Niche Tech Board,80.79,19,3,3,0,
1/8/2026,Product Manager,Google Jobs,131.75,61,7,6,0,
1/8/2026,Product Manager,Indeed,244.33,162,10,8,0,
1/8/2026,Product Manager,LinkedIn,183.54,46,3,3,0,
1/8/2026,Product Manager,ZipRecruiter,206.47,85,3,3,0,
1/8/2026,Product Manager,Niche Tech Board,85.17,19,7,6,1,
1/9/2026,Software Engineer - L3,Google Jobs,182.94,83,9,7,0,
1/9/2026,Software Engineer - L3,Indeed,187.65,97,5,4,0,
1/9/2026,Software Engineer - L3,LinkedIn,292.56,76,10,8,1,
1/9/2026,Software Engineer - L3,ZipRecruiter,241.61,125,5,4,0,
1/9/2026,Software Engineer - L3,Niche Tech Board,120.86,33,14,11,4,
1/9/2026,Data Analyst - Mid,Google Jobs,189.82,93,9,7,0,
1/9/2026,Data Analyst - Mid,Indeed,202.71,152,16,13,1,
1/9/2026,Data Analyst - Mid,LinkedIn,292.47,81,11,9,1,
1/9/2026,Data Analyst - Mid,ZipRecruiter,339.91,141,3,3,0,
1/9/2026,Data Analyst - Mid,Niche Tech Board,106.35,22,9,7,1,
1/9/2026,Product Manager,Google Jobs,179.41,95,14,11,1,
1/9/2026,Product Manager,Indeed,225.75,143,10,8,0,
1/9/2026,Product Manager,LinkedIn,158.46,41,6,5,0,
1/9/2026,Product Manager,ZipRecruiter,349.5,159,7,6,0,
1/9/2026,Product Manager,Niche Tech Board,139.48,36,11,9,2,
1/10/2026,Software Engineer - L3,Google Jobs,215.41,102,9,7,0,
1/10/2026,Software Engineer - L3,Indeed,192.72,129,6,5,0,
1/10/2026,Software Engineer - L3,LinkedIn,228.05,62,9,7,1,
1/10/2026,Software Engineer - L3,ZipRecruiter,282.79,128,6,5,0,
1/10/2026,Software Engineer - L3,Niche Tech Board,89.38,25,9,7,2,
1/10/2026,Data Analyst - Mid,Google Jobs,190.41,111,9,7,0,
1/10/2026,Data Analyst - Mid,Indeed,152.59,91,6,5,0,
1/10/2026,Data Analyst - Mid,LinkedIn,285.62,94,13,10,1,
1/10/2026,Data Analyst - Mid,ZipRecruiter,259.48,116,6,5,0,
1/10/2026,Data Analyst - Mid,Niche Tech Board,90.3,18,5,4,1,
1/10/2026,Product Manager,Google Jobs,165.91,66,6,5,0,
1/10/2026,Product Manager,Indeed,195.01,140,7,6,0,
1/10/2026,Product Manager,LinkedIn,169.21,62,6,5,0,
1/10/2026,Product Manager,ZipRecruiter,227.28,111,6,5,0,
1/10/2026,Product Manager,Niche Tech Board,126.73,33,9,7,1,
1/11/2026,Software Engineer - L3,Google Jobs,136.89,76,6,5,0,
1/11/2026,Software Engineer - L3,Indeed,118.1,75,3,3,0,
1/11/2026,Software Engineer - L3,LinkedIn,225.51,63,6,5,0,
1/11/2026,Software Engineer - L3,ZipRecruiter,294.19,158,9,7,0,
1/11/2026,Software Engineer - L3,Niche Tech Board,84.28,21,7,6,2,
1/11/2026,Data Analyst - Mid,Google Jobs,138.45,80,7,6,0,
1/11/2026,Data Analyst - Mid,Indeed,192.74,128,10,8,0,
1/11/2026,Data Analyst - Mid,LinkedIn,155.5,54,9,7,1,
1/11/2026,Data Analyst - Mid,ZipRecruiter,276.75,127,2,2,0,
1/11/2026,Data Analyst - Mid,Niche Tech Board,117.28,30,9,7,2,
1/11/2026,Product Manager,Google Jobs,122.01,66,5,4,0,
1/11/2026,Product Manager,Indeed,117.96,61,5,4,0,
1/11/2026,Product Manager,LinkedIn,268.38,82,9,7,1,
1/11/2026,Product Manager,ZipRecruiter,288.03,124,5,4,0,
1/11/2026,Product Manager,Niche Tech Board,99.86,24,9,7,2,
1/12/2026,Software Engineer - L3,Google Jobs,155.61,62,6,5,0,
1/12/2026,Software Engineer - L3,Indeed,115.27,87,5,4,0,
1/12/2026,Software Engineer - L3,LinkedIn,177.99,60,6,5,0,
1/12/2026,Software Engineer - L3,ZipRecruiter,212.04,97,3,3,0,
1/12/2026,Software Engineer - L3,Niche Tech Board,87.84,21,9,7,2,
1/12/2026,Data Analyst - Mid,Google Jobs,201.71,114,10,8,1,
1/12/2026,Data Analyst - Mid,Indeed,239.41,145,11,9,0,
1/12/2026,Data Analyst - Mid,LinkedIn,265.42,95,11,9,1,
1/12/2026,Data Analyst - Mid,ZipRecruiter,276.14,140,3,3,0,
1/12/2026,Data Analyst - Mid,Niche Tech Board,100.2,22,5,4,1,
1/12/2026,Product Manager,Google Jobs,173.26,111,10,8,0,
1/12/2026,Product Manager,Indeed,109.51,54,3,3,0,
1/12/2026,Product Manager,LinkedIn,188.2,53,9,7,1,
1/12/2026,Product Manager,ZipRecruiter,270.74,129,3,3,0,
1/12/2026,Product Manager,Niche Tech Board,138.14,27,6,5,1,
1/13/2026,Software Engineer - L3,Google Jobs,213.83,127,10,8,1,
1/13/2026,Software Engineer - L3,Indeed,186.17,99,5,4,0,
1/13/2026,Software Engineer - L3,LinkedIn,180.24,65,6,5,0,
1/13/2026,Software Engineer - L3,ZipRecruiter,299.78,138,5,4,0,
1/13/2026,Software Engineer - L3,Niche Tech Board,107.47,22,6,5,1,
1/13/2026,Data Analyst - Mid,Google Jobs,166.27,92,11,9,1,
1/13/2026,Data Analyst - Mid,Indeed,134.83,70,5,4,0,
1/13/2026,Data Analyst - Mid,LinkedIn,285.97,83,9,7,1,
1/13/2026,Data Analyst - Mid,ZipRecruiter,294.16,144,3,3,0,
1/13/2026,Data Analyst - Mid,Niche Tech Board,123.41,28,11,9,3,
1/13/2026,Product Manager,Google Jobs,135.17,74,6,5,0,
1/13/2026,Product Manager,Indeed,105.03,63,5,4,0,
1/13/2026,Product Manager,LinkedIn,201.31,53,5,4,0,
1/13/2026,Product Manager,ZipRecruiter,219.12,105,5,4,0,
1/13/2026,Product Manager,Niche Tech Board,96.05,20,7,6,2,
1/14/2026,Software Engineer - L3,Google Jobs,189.39,92,7,6,0,
1/14/2026,Software Engineer - L3,Indeed,127.24,66,5,4,0,
1/14/2026,Software Engineer - L3,LinkedIn,219.3,55,5,4,0,
1/14/2026,Software Engineer - L3,ZipRecruiter,275.88,123,2,2,0,
1/14/2026,Software Engineer - L3,Niche Tech Board,145.25,33,13,10,3,
1/14/2026,Data Analyst - Mid,Google Jobs,190.72,115,13,10,1,
1/14/2026,Data Analyst - Mid,Indeed,163.62,91,9,7,0,
1/14/2026,Data Analyst - Mid,LinkedIn,217.63,81,15,12,2,
1/14/2026,Data Analyst - Mid,ZipRecruiter,218.7,89,5,4,0,
1/14/2026,Data Analyst - Mid,Niche Tech Board,121.39,29,7,6,1,
1/14/2026,Product Manager,Google Jobs,200.29,133,13,10,1,
1/14/2026,Product Manager,Indeed,180.61,93,6,5,0,
1/14/2026,Product Manager,LinkedIn,260.63,82,9,7,1,
1/14/2026,Product Manager,ZipRecruiter,221.13,114,3,3,0,
1/14/2026,Product Manager,Niche Tech Board,144.04,35,13,10,3,
1/15/2026,Software Engineer - L3,Google Jobs,121.31,56,3,3,0,
1/15/2026,Software Engineer - L3,Indeed,122.3,79,3,3,0,
1/15/2026,Software Engineer - L3,LinkedIn,225.33,66,6,5,0,
1/15/2026,Software Engineer - L3,ZipRecruiter,231.49,95,2,2,0,
1/15/2026,Software Engineer - L3,Niche Tech Board,82.56,19,6,5,1,
1/15/2026,Data Analyst - Mid,Google Jobs,197.55,101,11,9,0,
1/15/2026,Data Analyst - Mid,Indeed,160.11,97,5,4,0,
1/15/2026,Data Analyst - Mid,LinkedIn,279.27,71,9,7,0,
1/15/2026,Data Analyst - Mid,ZipRecruiter,296.6,142,2,2,0,
1/15/2026,Data Analyst - Mid,Niche Tech Board,130.12,28,6,5,1,
1/15/2026,Product Manager,Google Jobs,143.11,65,3,3,0,
1/15/2026,Product Manager,Indeed,219.99,163,14,11,0,
1/15/2026,Product Manager,LinkedIn,164.92,57,9,7,1,
1/15/2026,Product Manager,ZipRecruiter,324.53,156,7,6,0,
1/15/2026,Product Manager,Niche Tech Board,100.52,20,5,4,1,
1/16/2026,Software Engineer - L3,Google Jobs,140.79,92,7,6,0,
1/16/2026,Software Engineer - L3,Indeed,163.21,85,7,6,0,
1/16/2026,Software Engineer - L3,LinkedIn,188.91,61,9,7,0,
1/16/2026,Software Engineer - L3,ZipRecruiter,293.62,140,6,5,0,
1/16/2026,Software Engineer - L3,Niche Tech Board,100.61,20,7,6,1,
1/16/2026,Data Analyst - Mid,Google Jobs,206.85,104,14,11,1,
1/16/2026,Data Analyst - Mid,Indeed,163.78,134,9,7,0,
1/16/2026,Data Analyst - Mid,LinkedIn,245.02,84,9,7,1,
1/16/2026,Data Analyst - Mid,ZipRecruiter,347.66,160,5,4,0,
1/16/2026,Data Analyst - Mid,Niche Tech Board,81.29,16,3,3,1,
1/16/2026,Product Manager,Google Jobs,147.41,71,9,7,0,
1/16/2026,Product Manager,Indeed,130.96,108,6,5,0,
1/16/2026,Product Manager,LinkedIn,281.08,82,13,10,1,
1/16/2026,Product Manager,ZipRecruiter,226.31,92,2,2,0,
1/16/2026,Product Manager,Niche Tech Board,116.32,32,9,7,2,
1/17/2026,Software Engineer - L3,Google Jobs,128.28,60,5,4,0,
1/17/2026,Software Engineer - L3,Indeed,143.3,96,9,7,0,
1/17/2026,Software Engineer - L3,LinkedIn,234.96,73,11,9,1,
1/17/2026,Software Engineer - L3,ZipRecruiter,309.89,158,3,3,0,
1/17/2026,Software Engineer - L3,Niche Tech Board,121.66,34,11,9,3,
1/17/2026,Data Analyst - Mid,Google Jobs,153.42,67,5,4,0,
1/17/2026,Data Analyst - Mid,Indeed,209.23,131,11,9,0,
1/17/2026,Data Analyst - Mid,LinkedIn,186.96,50,7,6,1,
1/17/2026,Data Analyst - Mid,ZipRecruiter,240.82,108,3,3,0,
1/17/2026,Data Analyst - Mid,Niche Tech Board,144.21,38,16,13,4,
1/17/2026,Product Manager,Google Jobs,138.51,67,9,7,0,
1/17/2026,Product Manager,Indeed,220.98,127,11,9,0,
1/17/2026,Product Manager,LinkedIn,187.45,57,6,5,0,
1/17/2026,Product Manager,ZipRecruiter,341.61,186,9,7,0,
1/17/2026,Product Manager,Niche Tech Board,92.64,21,9,7,1,
1/18/2026,Software Engineer - L3,Google Jobs,189.74,105,15,12,1,
1/18/2026,Software Engineer - L3,Indeed,241.64,152,15,12,1,
1/18/2026,Software Engineer - L3,LinkedIn,197.87,52,5,4,0,
1/18/2026,Software Engineer - L3,ZipRecruiter,234.5,124,2,2,0,
1/18/2026,Software Engineer - L3,Niche Tech Board,103.79,22,5,4,1,
1/18/2026,Data Analyst - Mid,Google Jobs,173.95,75,6,5,0,
1/18/2026,Data Analyst - Mid,Indeed,232.9,137,9,7,0,
1/18/2026,Data Analyst - Mid,LinkedIn,280.51,110,19,15,2,
1/18/2026,Data Analyst - Mid,ZipRecruiter,340.86,144,9,7,0,
1/18/2026,Data Analyst - Mid,Niche Tech Board,133.7,32,10,8,2,
1/18/2026,Product Manager,Google Jobs,207.37,83,10,8,0,
1/18/2026,Product Manager,Indeed,163.2,91,5,4,0,
1/18/2026,Product Manager,LinkedIn,203.19,69,7,6,0,
1/18/2026,Product Manager,ZipRecruiter,206.31,113,6,5,0,
1/18/2026,Product Manager,Niche Tech Board,106.9,23,6,5,1,
1/19/2026,Software Engineer - L3,Google Jobs,198.63,124,13,10,1,
1/19/2026,Software Engineer - L3,Indeed,241.71,153,13,10,0,
1/19/2026,Software Engineer - L3,LinkedIn,298.68,104,19,15,2,
1/19/2026,Software Engineer - L3,ZipRecruiter,291.16,134,3,3,0,
1/19/2026,Software Engineer - L3,Niche Tech Board,95.43,25,9,7,2,
1/19/2026,Data Analyst - Mid,Google Jobs,125.78,50,6,5,0,
1/19/2026,Data Analyst - Mid,Indeed,249.24,186,14,11,1,
1/19/2026,Data Analyst - Mid,LinkedIn,254.4,93,15,12,1,
1/19/2026,Data Analyst - Mid,ZipRecruiter,233.57,107,5,4,0,
1/19/2026,Data Analyst - Mid,Niche Tech Board,86.4,17,5,4,1,
1/19/2026,Product Manager,Google Jobs,208.87,85,11,9,1,
1/19/2026,Product Manager,Indeed,198.29,120,6,5,0,
1/19/2026,Product Manager,LinkedIn,205.9,71,11,9,1,
1/19/2026,Product Manager,ZipRecruiter,212.16,108,5,4,0,
1/19/2026,Product Manager,Niche Tech Board,139.58,32,10,8,2,
1/20/2026,Software Engineer - L3,Google Jobs,202.47,109,13,10,1,
1/20/2026,Software Engineer - L3,Indeed,140.05,73,6,5,0,
1/20/2026,Software Engineer - L3,LinkedIn,277.59,73,11,9,1,
1/20/2026,Software Engineer - L3,ZipRecruiter,304.62,133,6,5,0,
1/20/2026,Software Engineer - L3,Niche Tech Board,91.1,18,6,5,1,
1/20/2026,Data Analyst - Mid,Google Jobs,202.58,124,11,9,1,
1/20/2026,Data Analyst - Mid,Indeed,124.11,66,6,5,0,
1/20/2026,Data Analyst - Mid,LinkedIn,150.96,51,7,6,1,
1/20/2026,Data Analyst - Mid,ZipRecruiter,294.77,148,6,5,0,
1/20/2026,Data Analyst - Mid,Niche Tech Board,134.59,36,14,11,3,
1/20/2026,Product Manager,Google Jobs,216.3,117,14,11,1,
1/20/2026,Product Manager,Indeed,115.38,59,5,4,0,
1/20/2026,Product Manager,LinkedIn,195.14,54,5,4,0,
1/20/2026,Product Manager,ZipRecruiter,251.88,112,2,2,0,
1/20/2026,Product Manager,Niche Tech Board,148.14,29,11,9,2,
1/21/2026,Software Engineer - L3,Google Jobs,195.83,128,9,7,0,
1/21/2026,Software Engineer - L3,Indeed,173.3,95,9,7,0,
1/21/2026,Software Engineer - L3,LinkedIn,191.04,47,6,5,0,
1/21/2026,Software Engineer - L3,ZipRecruiter,224.54,95,3,3,0,
1/21/2026,Software Engineer - L3,Niche Tech Board,85.77,18,6,5,1,
1/21/2026,Data Analyst - Mid,Google Jobs,215.09,130,14,11,1,
1/21/2026,Data Analyst - Mid,Indeed,162.96,95,6,5,0,
1/21/2026,Data Analyst - Mid,LinkedIn,297.6,95,16,13,1,
1/21/2026,Data Analyst - Mid,ZipRecruiter,231.97,127,6,5,0,
1/21/2026,Data Analyst - Mid,Niche Tech Board,140.51,33,14,11,3,
1/21/2026,Product Manager,Google Jobs,206.86,90,11,9,1,
1/21/2026,Product Manager,Indeed,214.15,125,6,5,0,
1/21/2026,Product Manager,LinkedIn,288.13,84,14,11,1,
1/21/2026,Product Manager,ZipRecruiter,217.6,115,5,4,0,
1/21/2026,Product Manager,Niche Tech Board,94.04,22,5,4,1,
1/22/2026,Software Engineer - L3,Google Jobs,146.9,63,5,4,0,
1/22/2026,Software Engineer - L3,Indeed,101.74,80,5,4,0,
1/22/2026,Software Engineer - L3,LinkedIn,240,81,13,10,1,
1/22/2026,Software Engineer - L3,ZipRecruiter,316.98,173,6,5,0,
1/22/2026,Software Engineer - L3,Niche Tech Board,96.94,19,5,4,1,
1/22/2026,Data Analyst - Mid,Google Jobs,181.82,82,9,7,0,
1/22/2026,Data Analyst - Mid,Indeed,148.97,92,5,4,0,
1/22/2026,Data Analyst - Mid,LinkedIn,154.98,59,7,6,0,
1/22/2026,Data Analyst - Mid,ZipRecruiter,285.13,124,6,5,0,
1/22/2026,Data Analyst - Mid,Niche Tech Board,91.72,25,9,7,2,
1/22/2026,Product Manager,Google Jobs,123.16,50,3,3,0,
1/22/2026,Product Manager,Indeed,206.36,108,10,8,0,
1/22/2026,Product Manager,LinkedIn,200.92,53,5,4,0,
1/22/2026,Product Manager,ZipRecruiter,282.14,118,3,3,0,
1/22/2026,Product Manager,Niche Tech Board,116.85,25,6,5,1,
1/23/2026,Software Engineer - L3,Google Jobs,144.71,87,11,9,0,
1/23/2026,Software Engineer - L3,Indeed,246.38,167,10,8,0,
1/23/2026,Software Engineer - L3,LinkedIn,248.81,76,11,9,1,
1/23/2026,Software Engineer - L3,ZipRecruiter,234.27,93,5,4,0,
1/23/2026,Software Engineer - L3,Niche Tech Board,93.97,20,5,4,1,
1/23/2026,Data Analyst - Mid,Google Jobs,145.77,74,10,8,1,
1/23/2026,Data Analyst - Mid,Indeed,211.41,137,9,7,0,
1/23/2026,Data Analyst - Mid,LinkedIn,298.15,116,20,16,2,
1/23/2026,Data Analyst - Mid,ZipRecruiter,265.79,115,3,3,0,
1/23/2026,Data Analyst - Mid,Niche Tech Board,143.05,34,10,8,2,
1/23/2026,Product Manager,Google Jobs,211.24,123,14,11,1,
1/23/2026,Product Manager,Indeed,209.97,160,15,12,1,
1/23/2026,Product Manager,LinkedIn,176.95,61,11,9,1,
1/23/2026,Product Manager,ZipRecruiter,328.16,153,5,4,0,
1/23/2026,Product Manager,Niche Tech Board,111.17,26,7,6,2,
1/24/2026,Software Engineer - L3,Google Jobs,136.35,72,10,8,0,
1/24/2026,Software Engineer - L3,Indeed,198.51,135,13,10,0,
1/24/2026,Software Engineer - L3,LinkedIn,295.47,92,10,8,0,
1/24/2026,Software Engineer - L3,ZipRecruiter,225.46,104,3,3,0,
1/24/2026,Software Engineer - L3,Niche Tech Board,110.16,28,10,8,2,
1/24/2026,Data Analyst - Mid,Google Jobs,136.7,81,6,5,0,
1/24/2026,Data Analyst - Mid,Indeed,199.57,126,13,10,1,
1/24/2026,Data Analyst - Mid,LinkedIn,237.8,62,6,5,0,
1/24/2026,Data Analyst - Mid,ZipRecruiter,240.46,130,5,4,0,
1/24/2026,Data Analyst - Mid,Niche Tech Board,82.75,22,6,5,1,
1/24/2026,Product Manager,Google Jobs,151.62,75,5,4,0,
1/24/2026,Product Manager,Indeed,247.99,125,6,5,0,
1/24/2026,Product Manager,LinkedIn,245.87,64,9,7,1,
1/24/2026,Product Manager,ZipRecruiter,273.33,120,2,2,0,
1/24/2026,Product Manager,Niche Tech Board,101.56,22,6,5,1,
1/25/2026,Software Engineer - L3,Google Jobs,216.99,136,16,13,1,
1/25/2026,Software Engineer - L3,Indeed,230.22,171,15,12,1,
1/25/2026,Software Engineer - L3,LinkedIn,291.69,82,11,9,1,
1/25/2026,Software Engineer - L3,ZipRecruiter,330.34,150,3,3,0,
1/25/2026,Software Engineer - L3,Niche Tech Board,128.27,28,7,6,2,
1/25/2026,Data Analyst - Mid,Google Jobs,159.39,74,5,4,0,
1/25/2026,Data Analyst - Mid,Indeed,249.91,201,22,17,1,
1/25/2026,Data Analyst - Mid,LinkedIn,280.61,76,11,9,1,
1/25/2026,Data Analyst - Mid,ZipRecruiter,331.78,159,5,4,0,
1/25/2026,Data Analyst - Mid,Niche Tech Board,136.55,29,11,9,2,
1/25/2026,Product Manager,Google Jobs,201.78,124,14,11,0,
1/25/2026,Product Manager,Indeed,148.69,99,6,5,0,
1/25/2026,Product Manager,LinkedIn,208.28,65,7,6,0,
1/25/2026,Product Manager,ZipRecruiter,234.09,126,5,4,0,
1/25/2026,Product Manager,Niche Tech Board,123.36,29,9,7,2,
1/26/2026,Software Engineer - L3,Google Jobs,171.91,86,6,5,0,
1/26/2026,Software Engineer - L3,Indeed,157.03,103,9,7,0,
1/26/2026,Software Engineer - L3,LinkedIn,241.19,66,11,9,1,
1/26/2026,Software Engineer - L3,ZipRecruiter,343.33,189,5,4,0,
1/26/2026,Software Engineer - L3,Niche Tech Board,125.32,25,6,5,1,
1/26/2026,Data Analyst - Mid,Google Jobs,126.03,51,5,4,0,
1/26/2026,Data Analyst - Mid,Indeed,172.88,123,7,6,0,
1/26/2026,Data Analyst - Mid,LinkedIn,270.45,81,10,8,1,
1/26/2026,Data Analyst - Mid,ZipRecruiter,307.42,154,5,4,0,
1/26/2026,Data Analyst - Mid,Niche Tech Board,92.68,20,5,4,1,
1/26/2026,Product Manager,Google Jobs,190.9,118,14,11,1,
1/26/2026,Product Manager,Indeed,244.44,154,15,12,1,
1/26/2026,Product Manager,LinkedIn,156.51,45,7,6,0,
1/26/2026,Product Manager,ZipRecruiter,322.88,133,3,3,0,
1/26/2026,Product Manager,Niche Tech Board,122.77,29,11,9,3,
1/27/2026,Software Engineer - L3,Google Jobs,155.34,89,11,9,0,
1/27/2026,Software Engineer - L3,Indeed,223.39,145,13,10,0,
1/27/2026,Software Engineer - L3,LinkedIn,243.58,76,11,9,1,
1/27/2026,Software Engineer - L3,ZipRecruiter,310.53,129,3,3,0,
1/27/2026,Software Engineer - L3,Niche Tech Board,81.65,18,6,5,1,
1/27/2026,Data Analyst - Mid,Google Jobs,143.19,75,9,7,0,
1/27/2026,Data Analyst - Mid,Indeed,248.17,189,18,14,1,
1/27/2026,Data Analyst - Mid,LinkedIn,214.23,59,9,7,1,
1/27/2026,Data Analyst - Mid,ZipRecruiter,219.26,117,5,4,0,
1/27/2026,Data Analyst - Mid,Niche Tech Board,99.19,27,6,5,1,
1/27/2026,Product Manager,Google Jobs,139.19,76,6,5,0,
1/27/2026,Product Manager,Indeed,110.41,68,2,2,0,
1/27/2026,Product Manager,LinkedIn,185.06,55,9,7,1,
1/27/2026,Product Manager,ZipRecruiter,279.94,138,5,4,0,
1/27/2026,Product Manager,Niche Tech Board,149.59,33,11,9,3,
1/28/2026,Software Engineer - L3,Google Jobs,166.52,106,11,9,1,
1/28/2026,Software Engineer - L3,Indeed,126.3,72,3,3,0,
1/28/2026,Software Engineer - L3,LinkedIn,164.5,51,7,6,0,
1/28/2026,Software Engineer - L3,ZipRecruiter,299.74,127,7,6,0,
1/28/2026,Software Engineer - L3,Niche Tech Board,107.95,28,11,9,3,
1/28/2026,Data Analyst - Mid,Google Jobs,174,74,7,6,0,
1/28/2026,Data Analyst - Mid,Indeed,113.37,62,2,2,0,
1/28/2026,Data Analyst - Mid,LinkedIn,267.3,75,7,6,0,
1/28/2026,Data Analyst - Mid,ZipRecruiter,239.47,116,2,2,0,
1/28/2026,Data Analyst - Mid,Niche Tech Board,118.77,30,9,7,2,
1/28/2026,Product Manager,Google Jobs,180.06,89,13,10,1,
1/28/2026,Product Manager,Indeed,248.82,132,7,6,0,
1/28/2026,Product Manager,LinkedIn,167.45,44,5,4,0,
1/28/2026,Product Manager,ZipRecruiter,330.21,139,7,6,0,
1/28/2026,Product Manager,Niche Tech Board,85.66,20,5,4,1,
1/29/2026,Software Engineer - L3,Google Jobs,154.61,62,7,6,0,
1/29/2026,Software Engineer - L3,Indeed,119.88,63,6,5,0,
1/29/2026,Software Engineer - L3,LinkedIn,240.94,66,7,6,0,
1/29/2026,Software Engineer - L3,ZipRecruiter,259.8,136,5,4,0,
1/29/2026,Software Engineer - L3,Niche Tech Board,81.81,22,9,7,2,
1/29/2026,Data Analyst - Mid,Google Jobs,216.58,112,10,8,0,
1/29/2026,Data Analyst - Mid,Indeed,165.93,129,11,9,0,
1/29/2026,Data Analyst - Mid,LinkedIn,242.94,69,7,6,0,
1/29/2026,Data Analyst - Mid,ZipRecruiter,317.11,149,3,3,0,
1/29/2026,Data Analyst - Mid,Niche Tech Board,84.04,18,7,6,1,
1/29/2026,Product Manager,Google Jobs,134.22,82,7,6,0,
1/29/2026,Product Manager,Indeed,203.82,163,13,10,1,
1/29/2026,Product Manager,LinkedIn,272.1,79,10,8,1,
1/29/2026,Product Manager,ZipRecruiter,279.06,132,3,3,0,
1/29/2026,Product Manager,Niche Tech Board,111.48,29,9,7,2,
1/30/2026,Software Engineer - L3,Google Jobs,202.75,90,11,9,0,
1/30/2026,Software Engineer - L3,Indeed,162.42,102,5,4,0,
1/30/2026,Software Engineer - L3,LinkedIn,264.04,97,14,11,1,
1/30/2026,Software Engineer - L3,ZipRecruiter,201.82,102,6,5,0,
1/30/2026,Software Engineer - L3,Niche Tech Board,147.17,34,9,7,2,
1/30/2026,Data Analyst - Mid,Google Jobs,165.44,70,5,4,0,
1/30/2026,Data Analyst - Mid,Indeed,122.51,83,7,6,0,
1/30/2026,Data Analyst - Mid,LinkedIn,206.38,66,9,7,1,
1/30/2026,Data Analyst - Mid,ZipRecruiter,333.81,135,6,5,0,
1/30/2026,Data Analyst - Mid,Niche Tech Board,128.17,30,9,7,2,
1/30/2026,Product Manager,Google Jobs,123.84,51,5,4,0,
1/30/2026,Product Manager,Indeed,198.9,103,9,7,0,
1/30/2026,Product Manager,LinkedIn,160,48,5,4,0,
1/30/2026,Product Manager,ZipRecruiter,276.83,121,2,2,0,
1/30/2026,Product Manager,Niche Tech Board,130.14,36,9,7,1,
1/31/2026,Software Engineer - L3,Google Jobs,215.65,96,9,7,0,
1/31/2026,Software Engineer - L3,Indeed,152.46,83,7,6,0,
1/31/2026,Software Engineer - L3,LinkedIn,176.12,66,10,8,1,
1/31/2026,Software Engineer - L3,ZipRecruiter,239.76,132,2,2,0,
1/31/2026,Software Engineer - L3,Niche Tech Board,100.68,21,7,6,1,
1/31/2026,Data Analyst - Mid,Google Jobs,140.57,86,10,8,1,
1/31/2026,Data Analyst - Mid,Indeed,196.59,121,6,5,0,
1/31/2026,Data Analyst - Mid,LinkedIn,269.81,91,16,13,2,
1/31/2026,Data Analyst - Mid,ZipRecruiter,287.36,123,6,5,0,
1/31/2026,Data Analyst - Mid,Niche Tech Board,88.97,22,9,7,1,
1/31/2026,Product Manager,Google Jobs,157.22,81,7,6,0,
1/31/2026,Product Manager,Indeed,241.46,173,9,7,0,
1/31/2026,Product Manager,LinkedIn,283.04,81,10,8,1,
1/31/2026,Product Manager,ZipRecruiter,329.21,137,7,6,0,
1/31/2026,Product Manager,Niche Tech Board,132.85,31,13,10,3,
2/1/2026,Software Engineer - L3,Google Jobs,197.64,91,7,6,0,
2/1/2026,Software Engineer - L3,Indeed,247.7,127,6,5,0,
2/1/2026,Software Engineer - L3,LinkedIn,169.76,47,7,6,0,
2/1/2026,Software Engineer - L3,ZipRecruiter,275.88,115,5,4,0,
2/1/2026,Software Engineer - L3,Niche Tech Board,121.32,28,7,6,2,
2/1/2026,Data Analyst - Mid,Google Jobs,188.89,79,9,7,0,
2/1/2026,Data Analyst - Mid,Indeed,124.01,79,3,3,0,
2/1/2026,Data Analyst - Mid,LinkedIn,258.97,64,6,5,0,
2/1/2026,Data Analyst - Mid,ZipRecruiter,320.01,164,7,6,0,
2/1/2026,Data Analyst - Mid,Niche Tech Board,123.12,32,10,8,2,
2/1/2026,Product Manager,Google Jobs,175.42,116,15,12,0,
2/1/2026,Product Manager,Indeed,211.86,155,16,13,0,
2/1/2026,Product Manager,LinkedIn,199.04,73,9,7,1,
2/1/2026,Product Manager,ZipRecruiter,349.45,169,6,5,0,
2/1/2026,Product Manager,Niche Tech Board,142.03,32,10,8,2,
2/2/2026,Software Engineer - L3,Google Jobs,189.56,126,15,12,1,
2/2/2026,Software Engineer - L3,Indeed,219.13,171,14,11,0,
2/2/2026,Software Engineer - L3,LinkedIn,246.35,94,14,11,1,
2/2/2026,Software Engineer - L3,ZipRecruiter,284.1,127,6,5,0,
2/2/2026,Software Engineer - L3,Niche Tech Board,98.89,20,6,5,1,
2/2/2026,Data Analyst - Mid,Google Jobs,125.86,68,9,7,0,
2/2/2026,Data Analyst - Mid,Indeed,218.29,135,10,8,0,
2/2/2026,Data Analyst - Mid,LinkedIn,199.23,63,6,5,0,
2/2/2026,Data Analyst - Mid,ZipRecruiter,289.73,125,7,6,0,
2/2/2026,Data Analyst - Mid,Niche Tech Board,124.98,30,10,8,2,
2/2/2026,Product Manager,Google Jobs,131.83,69,9,7,0,
2/2/2026,Product Manager,Indeed,185.78,111,6,5,0,
2/2/2026,Product Manager,LinkedIn,200.18,78,7,6,1,
2/2/2026,Product Manager,ZipRecruiter,240.96,111,3,3,0,
2/2/2026,Product Manager,Niche Tech Board,98.15,23,9,7,2,
2/3/2026,Software Engineer - L3,Google Jobs,138.61,60,6,5,0,
2/3/2026,Software Engineer - L3,Indeed,120.02,94,9,7,0,
2/3/2026,Software Engineer - L3,LinkedIn,215.53,59,9,7,0,
2/3/2026,Software Engineer - L3,ZipRecruiter,291.53,153,7,6,0,
2/3/2026,Software Engineer - L3,Niche Tech Board,146.96,40,10,8,2,
2/3/2026,Data Analyst - Mid,Google Jobs,146.17,83,11,9,0,
2/3/2026,Data Analyst - Mid,Indeed,140.79,77,5,4,0,
2/3/2026,Data Analyst - Mid,LinkedIn,159.8,49,5,4,0,
2/3/2026,Data Analyst - Mid,ZipRecruiter,335.97,177,7,6,0,
2/3/2026,Data Analyst - Mid,Niche Tech Board,104.31,21,5,4,1,
2/3/2026,Product Manager,Google Jobs,216.34,105,15,12,1,
2/3/2026,Product Manager,Indeed,162.82,115,10,8,0,
2/3/2026,Product Manager,LinkedIn,188.48,54,6,5,0,
2/3/2026,Product Manager,ZipRecruiter,269.59,108,5,4,0,
2/3/2026,Product Manager,Niche Tech Board,87.99,23,6,5,1,
2/4/2026,Software Engineer - L3,Google Jobs,205.06,99,11,9,0,
2/4/2026,Software Engineer - L3,Indeed,229.02,128,6,5,0,
2/4/2026,Software Engineer - L3,LinkedIn,231.53,88,11,9,1,
2/4/2026,Software Engineer - L3,ZipRecruiter,224.87,91,5,4,0,
2/4/2026,Software Engineer - L3,Niche Tech Board,112.36,27,10,8,2,
2/4/2026,Data Analyst - Mid,Google Jobs,126.23,62,7,6,0,
2/4/2026,Data Analyst - Mid,Indeed,107.79,58,2,2,0,
2/4/2026,Data Analyst - Mid,LinkedIn,174.71,58,9,7,1,
2/4/2026,Data Analyst - Mid,ZipRecruiter,230.73,95,5,4,0,
2/4/2026,Data Analyst - Mid,Niche Tech Board,96.72,23,9,7,2,
2/4/2026,Product Manager,Google Jobs,122.72,78,7,6,0,
2/4/2026,Product Manager,Indeed,180.81,113,6,5,0,
2/4/2026,Product Manager,LinkedIn,273.32,89,14,11,2,
2/4/2026,Product Manager,ZipRecruiter,230.56,106,3,3,0,
2/4/2026,Product Manager,Niche Tech Board,120.43,27,10,8,2,
2/5/2026,Software Engineer - L3,Google Jobs,211.51,104,9,7,0,
2/5/2026,Software Engineer - L3,Indeed,218.99,150,15,12,1,
2/5/2026,Software Engineer - L3,LinkedIn,191.54,48,5,4,0,
2/5/2026,Software Engineer - L3,ZipRecruiter,227.63,93,3,3,0,
2/5/2026,Software Engineer - L3,Niche Tech Board,110.82,25,6,5,1,
2/5/2026,Data Analyst - Mid,Google Jobs,200.36,99,14,11,1,
2/5/2026,Data Analyst - Mid,Indeed,247.62,142,13,10,0,
2/5/2026,Data Analyst - Mid,LinkedIn,282.29,89,10,8,0,
2/5/2026,Data Analyst - Mid,ZipRecruiter,283.96,130,6,5,0,
2/5/2026,Data Analyst - Mid,Niche Tech Board,85.56,18,5,4,1,
2/5/2026,Product Manager,Google Jobs,201.91,98,13,10,1,
2/5/2026,Product Manager,Indeed,170.68,91,6,5,0,
2/5/2026,Product Manager,LinkedIn,224.13,59,7,6,0,
2/5/2026,Product Manager,ZipRecruiter,306.8,129,2,2,0,
2/5/2026,Product Manager,Niche Tech Board,89.94,22,6,5,1,
2/6/2026,Software Engineer - L3,Google Jobs,185.11,87,9,7,0,
2/6/2026,Software Engineer - L3,Indeed,170.69,86,7,6,0,
2/6/2026,Software Engineer - L3,LinkedIn,251.43,84,13,10,1,
2/6/2026,Software Engineer - L3,ZipRecruiter,226.23,94,2,2,0,
2/6/2026,Software Engineer - L3,Niche Tech Board,99.55,22,7,6,1,
2/6/2026,Data Analyst - Mid,Google Jobs,150.53,87,6,5,0,
2/6/2026,Data Analyst - Mid,Indeed,197.97,101,10,8,0,
2/6/2026,Data Analyst - Mid,LinkedIn,268.27,76,9,7,1,
2/6/2026,Data Analyst - Mid,ZipRecruiter,300.61,137,3,3,0,
2/6/2026,Data Analyst - Mid,Niche Tech Board,112.23,23,7,6,1,
2/6/2026,Product Manager,Google Jobs,217.68,135,14,11,0,
2/6/2026,Product Manager,Indeed,210.99,109,6,5,0,
2/6/2026,Product Manager,LinkedIn,193.83,50,7,6,1,
2/6/2026,Product Manager,ZipRecruiter,202.7,81,3,3,0,
2/6/2026,Product Manager,Niche Tech Board,138.06,35,14,11,2,
2/7/2026,Software Engineer - L3,Google Jobs,190.37,93,7,6,0,
2/7/2026,Software Engineer - L3,Indeed,101.86,64,3,3,0,
2/7/2026,Software Engineer - L3,LinkedIn,194.59,65,10,8,0,
2/7/2026,Software Engineer - L3,ZipRecruiter,335.43,139,6,5,0,
2/7/2026,Software Engineer - L3,Niche Tech Board,142.46,37,9,7,2,
2/7/2026,Data Analyst - Mid,Google Jobs,199.46,129,15,12,1,
2/7/2026,Data Analyst - Mid,Indeed,228.35,141,7,6,0,
2/7/2026,Data Analyst - Mid,LinkedIn,239.85,89,9,7,1,
2/7/2026,Data Analyst - Mid,ZipRecruiter,300.38,126,6,5,0,
2/7/2026,Data Analyst - Mid,Niche Tech Board,116.22,28,7,6,1,
2/7/2026,Product Manager,Google Jobs,197.39,93,13,10,1,
2/7/2026,Product Manager,Indeed,191.06,112,9,7,0,
2/7/2026,Product Manager,LinkedIn,185.62,56,5,4,0,
2/7/2026,Product Manager,ZipRecruiter,273.15,121,6,5,0,
2/7/2026,Product Manager,Niche Tech Board,132.05,31,11,9,2,
2/8/2026,Software Engineer - L3,Google Jobs,145.44,78,7,6,0,
2/8/2026,Software Engineer - L3,Indeed,121,85,9,7,0,
2/8/2026,Software Engineer - L3,LinkedIn,222.31,79,11,9,1,
2/8/2026,Software Engineer - L3,ZipRecruiter,231.05,106,2,2,0,
2/8/2026,Software Engineer - L3,Niche Tech Board,95.33,26,6,5,1,
2/8/2026,Data Analyst - Mid,Google Jobs,200.26,96,10,8,0,
2/8/2026,Data Analyst - Mid,Indeed,239.76,157,7,6,0,
2/8/2026,Data Analyst - Mid,LinkedIn,167.08,55,7,6,1,
2/8/2026,Data Analyst - Mid,ZipRecruiter,274.03,119,6,5,0,
2/8/2026,Data Analyst - Mid,Niche Tech Board,99.23,24,7,6,1,
2/8/2026,Product Manager,Google Jobs,210.76,95,11,9,0,
2/8/2026,Product Manager,Indeed,223.57,113,11,9,0,
2/8/2026,Product Manager,LinkedIn,245.46,95,11,9,0,
2/8/2026,Product Manager,ZipRecruiter,290.57,127,2,2,0,
2/8/2026,Product Manager,Niche Tech Board,111.94,27,6,5,1,
2/9/2026,Software Engineer - L3,Google Jobs,195.12,124,10,8,0,
2/9/2026,Software Engineer - L3,Indeed,241.26,139,13,10,0,
2/9/2026,Software Engineer - L3,LinkedIn,239.05,95,14,11,2,
2/9/2026,Software Engineer - L3,ZipRecruiter,291.89,121,6,5,0,
2/9/2026,Software Engineer - L3,Niche Tech Board,143.17,39,13,10,2,
2/9/2026,Data Analyst - Mid,Google Jobs,121.17,63,5,4,0,
2/9/2026,Data Analyst - Mid,Indeed,186.58,151,7,6,0,
2/9/2026,Data Analyst - Mid,LinkedIn,201.48,56,9,7,1,
2/9/2026,Data Analyst - Mid,ZipRecruiter,303.87,144,6,5,0,
2/9/2026,Data Analyst - Mid,Niche Tech Board,101.44,21,6,5,1,
2/9/2026,Product Manager,Google Jobs,202.24,85,11,9,0,
2/9/2026,Product Manager,Indeed,147.83,88,6,5,0,
2/9/2026,Product Manager,LinkedIn,255.84,72,9,7,0,
2/9/2026,Product Manager,ZipRecruiter,264.58,139,7,6,0,
2/9/2026,Product Manager,Niche Tech Board,90.81,25,9,7,2,
2/10/2026,Software Engineer - L3,Google Jobs,154.06,98,10,8,0,
2/10/2026,Software Engineer - L3,Indeed,201.57,119,7,6,0,
2/10/2026,Software Engineer - L3,LinkedIn,298.21,93,14,11,1,
2/10/2026,Software Engineer - L3,ZipRecruiter,272.84,149,6,5,0,
2/10/2026,Software Engineer - L3,Niche Tech Board,106.89,30,7,6,1,
2/10/2026,Data Analyst - Mid,Google Jobs,136,89,11,9,1,
2/10/2026,Data Analyst - Mid,Indeed,143.39,74,3,3,0,
2/10/2026,Data Analyst - Mid,LinkedIn,197.1,51,7,6,1,
2/10/2026,Data Analyst - Mid,ZipRecruiter,347.6,173,10,8,0,
2/10/2026,Data Analyst - Mid,Niche Tech Board,106.99,26,9,7,1,
2/10/2026,Product Manager,Google Jobs,175.37,85,10,8,1,
2/10/2026,Product Manager,Indeed,166.07,115,7,6,0,
2/10/2026,Product Manager,LinkedIn,158.65,52,6,5,0,
2/10/2026,Product Manager,ZipRecruiter,283.66,138,6,5,0,
2/10/2026,Product Manager,Niche Tech Board,111.08,25,7,6,1,
2/11/2026,Software Engineer - L3,Google Jobs,219.38,92,10,8,0,
2/11/2026,Software Engineer - L3,Indeed,193.1,141,10,8,0,
2/11/2026,Software Engineer - L3,LinkedIn,221.33,66,7,6,1,
2/11/2026,Software Engineer - L3,ZipRecruiter,336.42,145,6,5,0,
2/11/2026,Software Engineer - L3,Niche Tech Board,89.15,19,5,4,1,
2/11/2026,Data Analyst - Mid,Google Jobs,147.58,62,9,7,0,
2/11/2026,Data Analyst - Mid,Indeed,169.4,85,6,5,0,
2/11/2026,Data Analyst - Mid,LinkedIn,238.31,77,9,7,0,
2/11/2026,Data Analyst - Mid,ZipRecruiter,314.27,151,6,5,0,
2/11/2026,Data Analyst - Mid,Niche Tech Board,120.41,25,10,8,2,
2/11/2026,Product Manager,Google Jobs,202.75,89,10,8,1,
2/11/2026,Product Manager,Indeed,130.07,101,10,8,0,
2/11/2026,Product Manager,LinkedIn,277.05,72,7,6,1,
2/11/2026,Product Manager,ZipRecruiter,267.25,123,5,4,0,
2/11/2026,Product Manager,Niche Tech Board,81.34,19,6,5,1,
2/12/2026,Software Engineer - L3,Google Jobs,189.25,115,10,8,0,
2/12/2026,Software Engineer - L3,Indeed,220.67,155,9,7,0,
2/12/2026,Software Engineer - L3,LinkedIn,151.33,37,5,4,0,
2/12/2026,Software Engineer - L3,ZipRecruiter,244.19,134,6,5,0,
2/12/2026,Software Engineer - L3,Niche Tech Board,131.83,35,13,10,3,
2/12/2026,Data Analyst - Mid,Google Jobs,185.85,82,11,9,1,
2/12/2026,Data Analyst - Mid,Indeed,113.29,71,3,3,0,
2/12/2026,Data Analyst - Mid,LinkedIn,211.07,81,10,8,0,
2/12/2026,Data Analyst - Mid,ZipRecruiter,321.24,130,2,2,0,
2/12/2026,Data Analyst - Mid,Niche Tech Board,116.58,29,7,6,1,
2/12/2026,Product Manager,Google Jobs,199.45,90,6,5,0,
2/12/2026,Product Manager,Indeed,160.43,111,6,5,0,
2/12/2026,Product Manager,LinkedIn,270.52,69,9,7,1,
2/12/2026,Product Manager,ZipRecruiter,248.22,116,3,3,0,
2/12/2026,Product Manager,Niche Tech Board,148.53,33,10,8,2,
2/13/2026,Software Engineer - L3,Google Jobs,132.29,55,5,4,0,
2/13/2026,Software Engineer - L3,Indeed,187.88,110,5,4,0,
2/13/2026,Software Engineer - L3,LinkedIn,186.29,52,9,7,1,
2/13/2026,Software Engineer - L3,ZipRecruiter,282.88,130,3,3,0,
2/13/2026,Software Engineer - L3,Niche Tech Board,99,23,6,5,1,
2/13/2026,Data Analyst - Mid,Google Jobs,182.96,117,15,12,1,
2/13/2026,Data Analyst - Mid,Indeed,100.02,62,2,2,0,
2/13/2026,Data Analyst - Mid,LinkedIn,256.05,98,16,13,1,
2/13/2026,Data Analyst - Mid,ZipRecruiter,237.02,102,3,3,0,
2/13/2026,Data Analyst - Mid,Niche Tech Board,105.22,26,10,8,2,
2/13/2026,Product Manager,Google Jobs,198.89,83,9,7,1,
2/13/2026,Product Manager,Indeed,156.6,79,3,3,0,
2/13/2026,Product Manager,LinkedIn,224.07,72,10,8,1,
2/13/2026,Product Manager,ZipRecruiter,200.65,104,5,4,0,
2/13/2026,Product Manager,Niche Tech Board,147.62,31,13,10,3,
2/14/2026,Software Engineer - L3,Google Jobs,149.81,93,11,9,1,
2/14/2026,Software Engineer - L3,Indeed,107.23,72,7,6,0,
2/14/2026,Software Engineer - L3,LinkedIn,214.91,67,7,6,0,
2/14/2026,Software Engineer - L3,ZipRecruiter,255.47,139,6,5,0,
2/14/2026,Software Engineer - L3,Niche Tech Board,137.55,28,7,6,2,
2/14/2026,Data Analyst - Mid,Google Jobs,167.23,70,6,5,0,
2/14/2026,Data Analyst - Mid,Indeed,191.16,133,7,6,0,
2/14/2026,Data Analyst - Mid,LinkedIn,260.79,87,13,10,1,
2/14/2026,Data Analyst - Mid,ZipRecruiter,306.98,158,9,7,0,
2/14/2026,Data Analyst - Mid,Niche Tech Board,105.75,29,7,6,1,
2/14/2026,Product Manager,Google Jobs,146.76,62,3,3,0,
2/14/2026,Product Manager,Indeed,150.6,123,6,5,0,
2/14/2026,Product Manager,LinkedIn,223.93,72,10,8,1,
2/14/2026,Product Manager,ZipRecruiter,201.49,94,5,4,0,
2/14/2026,Product Manager,Niche Tech Board,127.43,32,13,10,3,
2/15/2026,Software Engineer - L3,Google Jobs,172.13,69,5,4,0,
2/15/2026,Software Engineer - L3,Indeed,215.52,116,6,5,0,
2/15/2026,Software Engineer - L3,LinkedIn,152.63,51,7,6,0,
2/15/2026,Software Engineer - L3,ZipRecruiter,252.21,122,2,2,0,
2/15/2026,Software Engineer - L3,Niche Tech Board,125.25,25,10,8,2,
2/15/2026,Data Analyst - Mid,Google Jobs,209.86,91,11,9,1,
2/15/2026,Data Analyst - Mid,Indeed,159.7,110,5,4,0,
2/15/2026,Data Analyst - Mid,LinkedIn,186.99,57,9,7,1,
2/15/2026,Data Analyst - Mid,ZipRecruiter,208.68,84,5,4,0,
2/15/2026,Data Analyst - Mid,Niche Tech Board,149.39,34,14,11,2,
2/15/2026,Product Manager,Google Jobs,156.57,90,7,6,0,
2/15/2026,Product Manager,Indeed,193.36,105,9,7,0,
2/15/2026,Product Manager,LinkedIn,271.67,78,10,8,1,
2/15/2026,Product Manager,ZipRecruiter,238.99,117,6,5,0,
2/15/2026,Product Manager,Niche Tech Board,112.9,23,9,7,1,
2/16/2026,Software Engineer - L3,Google Jobs,134.73,89,10,8,0,
2/16/2026,Software Engineer - L3,Indeed,120.14,61,5,4,0,
2/16/2026,Software Engineer - L3,LinkedIn,225.09,63,6,5,0,
2/16/2026,Software Engineer - L3,ZipRecruiter,321.04,151,6,5,0,
2/16/2026,Software Engineer - L3,Niche Tech Board,83.07,22,6,5,1,
2/16/2026,Data Analyst - Mid,Google Jobs,125,53,7,6,0,
2/16/2026,Data Analyst - Mid,Indeed,228.07,163,18,14,0,
2/16/2026,Data Analyst - Mid,LinkedIn,292.71,73,11,9,1,
2/16/2026,Data Analyst - Mid,ZipRecruiter,285.43,144,5,4,0,
2/16/2026,Data Analyst - Mid,Niche Tech Board,85.12,19,7,6,1,
2/16/2026,Product Manager,Google Jobs,199.26,82,11,9,1,
2/16/2026,Product Manager,Indeed,178.22,89,7,6,0,
2/16/2026,Product Manager,LinkedIn,221.54,61,6,5,0,
2/16/2026,Product Manager,ZipRecruiter,299.99,156,6,5,0,
2/16/2026,Product Manager,Niche Tech Board,114.92,32,7,6,1,
2/17/2026,Software Engineer - L3,Google Jobs,212.62,122,14,11,1,
2/17/2026,Software Engineer - L3,Indeed,148.25,78,6,5,0,
2/17/2026,Software Engineer - L3,LinkedIn,214.31,84,11,9,1,
2/17/2026,Software Engineer - L3,ZipRecruiter,217.78,108,3,3,0,
2/17/2026,Software Engineer - L3,Niche Tech Board,149.53,41,15,12,3,
2/17/2026,Data Analyst - Mid,Google Jobs,159.25,70,10,8,1,
2/17/2026,Data Analyst - Mid,Indeed,186.57,125,11,9,0,
2/17/2026,Data Analyst - Mid,LinkedIn,234.61,77,11,9,1,
2/17/2026,Data Analyst - Mid,ZipRecruiter,228.74,93,2,2,0,
2/17/2026,Data Analyst - Mid,Niche Tech Board,95.46,26,6,5,1,
2/17/2026,Product Manager,Google Jobs,206.68,115,16,13,1,
2/17/2026,Product Manager,Indeed,165.49,99,7,6,0,
2/17/2026,Product Manager,LinkedIn,192.37,63,10,8,1,
2/17/2026,Product Manager,ZipRecruiter,333.88,159,7,6,0,
2/17/2026,Product Manager,Niche Tech Board,114.83,30,10,8,2,
2/18/2026,Software Engineer - L3,Google Jobs,153.16,65,5,4,0,
2/18/2026,Software Engineer - L3,Indeed,110.35,56,3,3,0,
2/18/2026,Software Engineer - L3,LinkedIn,271.63,72,9,7,1,
2/18/2026,Software Engineer - L3,ZipRecruiter,315.67,139,3,3,0,
2/18/2026,Software Engineer - L3,Niche Tech Board,117.74,30,9,7,1,
2/18/2026,Data Analyst - Mid,Google Jobs,132.79,58,3,3,0,
2/18/2026,Data Analyst - Mid,Indeed,178.38,143,15,12,0,
2/18/2026,Data Analyst - Mid,LinkedIn,195.63,66,7,6,0,
2/18/2026,Data Analyst - Mid,ZipRecruiter,309.4,124,3,3,0,
2/18/2026,Data Analyst - Mid,Niche Tech Board,131.93,27,9,7,2,
2/18/2026,Product Manager,Google Jobs,152.53,68,9,7,0,
2/18/2026,Product Manager,Indeed,155.64,80,7,6,0,
2/18/2026,Product Manager,LinkedIn,263.14,85,13,10,1,
2/18/2026,Product Manager,ZipRecruiter,211.77,97,5,4,0,
2/18/2026,Product Manager,Niche Tech Board,134.64,30,13,10,2,
2/19/2026,Software Engineer - L3,Google Jobs,146.53,69,6,5,0,
2/19/2026,Software Engineer - L3,Indeed,213.85,166,13,10,0,
2/19/2026,Software Engineer - L3,LinkedIn,205.39,52,9,7,1,
2/19/2026,Software Engineer - L3,ZipRecruiter,307.15,144,7,6,0,
2/19/2026,Software Engineer - L3,Niche Tech Board,131.03,27,7,6,2,
2/19/2026,Data Analyst - Mid,Google Jobs,139.52,75,7,6,0,
2/19/2026,Data Analyst - Mid,Indeed,228.48,129,11,9,0,
2/19/2026,Data Analyst - Mid,LinkedIn,292.06,90,11,9,1,
2/19/2026,Data Analyst - Mid,ZipRecruiter,317.93,137,5,4,0,
2/19/2026,Data Analyst - Mid,Niche Tech Board,138.73,39,14,11,4,
2/19/2026,Product Manager,Google Jobs,163.77,94,11,9,1,
2/19/2026,Product Manager,Indeed,181.96,92,3,3,0,
2/19/2026,Product Manager,LinkedIn,257.77,67,7,6,1,
2/19/2026,Product Manager,ZipRecruiter,282.91,136,3,3,0,
2/19/2026,Product Manager,Niche Tech Board,91.01,22,6,5,1,
2/20/2026,Software Engineer - L3,Google Jobs,187.27,81,7,6,0,
2/20/2026,Software Engineer - L3,Indeed,185.76,99,10,8,0,
2/20/2026,Software Engineer - L3,LinkedIn,251.1,97,14,11,1,
2/20/2026,Software Engineer - L3,ZipRecruiter,246.02,120,5,4,0,
2/20/2026,Software Engineer - L3,Niche Tech Board,131.29,31,7,6,2,
2/20/2026,Data Analyst - Mid,Google Jobs,148.58,76,9,7,0,
2/20/2026,Data Analyst - Mid,Indeed,108.49,72,7,6,0,
2/20/2026,Data Analyst - Mid,LinkedIn,250.72,72,7,6,0,
2/20/2026,Data Analyst - Mid,ZipRecruiter,312.64,167,5,4,0,
2/20/2026,Data Analyst - Mid,Niche Tech Board,110.24,22,5,4,1,
2/20/2026,Product Manager,Google Jobs,137.94,55,3,3,0,
2/20/2026,Product Manager,Indeed,210.68,119,9,7,0,
2/20/2026,Product Manager,LinkedIn,209.64,72,7,6,0,
2/20/2026,Product Manager,ZipRecruiter,240.28,120,5,4,0,
2/20/2026,Product Manager,Niche Tech Board,122.25,33,7,6,2,
2/21/2026,Software Engineer - L3,Google Jobs,149.73,94,11,9,1,
2/21/2026,Software Engineer - L3,Indeed,197.28,139,6,5,0,
2/21/2026,Software Engineer - L3,LinkedIn,187.63,53,7,6,0,
2/21/2026,Software Engineer - L3,ZipRecruiter,246.94,124,5,4,0,
2/21/2026,Software Engineer - L3,Niche Tech Board,146.27,39,10,8,3,
2/21/2026,Data Analyst - Mid,Google Jobs,193.65,81,6,5,0,
2/21/2026,Data Analyst - Mid,Indeed,205.17,117,9,7,0,
2/21/2026,Data Analyst - Mid,LinkedIn,237.44,82,11,9,1,
2/21/2026,Data Analyst - Mid,ZipRecruiter,259.86,108,2,2,0,
2/21/2026,Data Analyst - Mid,Niche Tech Board,148.39,40,10,8,2,
2/21/2026,Product Manager,Google Jobs,129.26,57,7,6,0,
2/21/2026,Product Manager,Indeed,138.81,89,7,6,0,
2/21/2026,Product Manager,LinkedIn,238.42,69,10,8,0,
2/21/2026,Product Manager,ZipRecruiter,307.11,164,5,4,0,
2/21/2026,Product Manager,Niche Tech Board,131.71,37,10,8,2,
2/22/2026,Software Engineer - L3,Google Jobs,147.08,84,6,5,0,
2/22/2026,Software Engineer - L3,Indeed,209.91,124,11,9,0,
2/22/2026,Software Engineer - L3,LinkedIn,292.72,77,13,10,1,
2/22/2026,Software Engineer - L3,ZipRecruiter,339.91,155,5,4,0,
2/22/2026,Software Engineer - L3,Niche Tech Board,132,28,9,7,1,
2/22/2026,Data Analyst - Mid,Google Jobs,157.11,64,7,6,0,
2/22/2026,Data Analyst - Mid,Indeed,140.33,93,9,7,0,
2/22/2026,Data Analyst - Mid,LinkedIn,268.11,84,13,10,1,
2/22/2026,Data Analyst - Mid,ZipRecruiter,305.82,145,5,4,0,
2/22/2026,Data Analyst - Mid,Niche Tech Board,145.54,40,15,12,3,
2/22/2026,Product Manager,Google Jobs,164.39,108,10,8,0,
2/22/2026,Product Manager,Indeed,108.43,68,6,5,0,
2/22/2026,Product Manager,LinkedIn,264.67,84,13,10,1,
2/22/2026,Product Manager,ZipRecruiter,223.92,117,2,2,0,
2/22/2026,Product Manager,Niche Tech Board,126.5,26,10,8,2,
2/23/2026,Software Engineer - L3,Google Jobs,131.04,73,6,5,0,
2/23/2026,Software Engineer - L3,Indeed,177.25,108,7,6,0,
2/23/2026,Software Engineer - L3,LinkedIn,274.28,74,9,7,1,
2/23/2026,Software Engineer - L3,ZipRecruiter,342.92,169,6,5,0,
2/23/2026,Software Engineer - L3,Niche Tech Board,145.88,30,7,6,1,
2/23/2026,Data Analyst - Mid,Google Jobs,175.34,87,7,6,0,
2/23/2026,Data Analyst - Mid,Indeed,201.54,107,10,8,0,
2/23/2026,Data Analyst - Mid,LinkedIn,215.88,63,6,5,0,
2/23/2026,Data Analyst - Mid,ZipRecruiter,226.89,99,2,2,0,
2/23/2026,Data Analyst - Mid,Niche Tech Board,91.57,26,10,8,2,
2/23/2026,Product Manager,Google Jobs,171.49,103,7,6,0,
2/23/2026,Product Manager,Indeed,124.86,65,3,3,0,
2/23/2026,Product Manager,LinkedIn,165.8,58,7,6,0,
2/23/2026,Product Manager,ZipRecruiter,236.8,128,5,4,0,
2/23/2026,Product Manager,Niche Tech Board,95.37,19,6,5,1,
2/24/2026,Software Engineer - L3,Google Jobs,161.58,83,9,7,0,
2/24/2026,Software Engineer - L3,Indeed,205.32,153,11,9,0,
2/24/2026,Software Engineer - L3,LinkedIn,280.58,81,11,9,1,
2/24/2026,Software Engineer - L3,ZipRecruiter,290.85,154,5,4,0,
2/24/2026,Software Engineer - L3,Niche Tech Board,128.45,33,10,8,3,
2/24/2026,Data Analyst - Mid,Google Jobs,140.43,69,6,5,0,
2/24/2026,Data Analyst - Mid,Indeed,218.91,174,14,11,0,
2/24/2026,Data Analyst - Mid,LinkedIn,244.26,69,7,6,0,
2/24/2026,Data Analyst - Mid,ZipRecruiter,308.52,141,7,6,0,
2/24/2026,Data Analyst - Mid,Niche Tech Board,139.03,32,10,8,2,
2/24/2026,Product Manager,Google Jobs,165.13,98,13,10,1,
2/24/2026,Product Manager,Indeed,169.95,134,9,7,0,
2/24/2026,Product Manager,LinkedIn,285.27,101,10,8,1,
2/24/2026,Product Manager,ZipRecruiter,258.41,118,6,5,0,
2/24/2026,Product Manager,Niche Tech Board,125.38,34,10,8,2,
2/25/2026,Software Engineer - L3,Google Jobs,163.35,65,7,6,0,
2/25/2026,Software Engineer - L3,Indeed,133.02,89,6,5,0,
2/25/2026,Software Engineer - L3,LinkedIn,205.44,64,10,8,1,
2/25/2026,Software Engineer - L3,ZipRecruiter,306.31,169,5,4,0,
2/25/2026,Software Engineer - L3,Niche Tech Board,113.88,32,13,10,3,
2/25/2026,Data Analyst - Mid,Google Jobs,174.84,111,14,11,1,
2/25/2026,Data Analyst - Mid,Indeed,217.29,120,11,9,0,
2/25/2026,Data Analyst - Mid,LinkedIn,171.05,48,6,5,0,
2/25/2026,Data Analyst - Mid,ZipRecruiter,225.48,116,6,5,0,
2/25/2026,Data Analyst - Mid,Niche Tech Board,143.58,30,10,8,2,
2/25/2026,Product Manager,Google Jobs,208.91,100,11,9,0,
2/25/2026,Product Manager,Indeed,171.09,96,6,5,0,
2/25/2026,Product Manager,LinkedIn,197.07,68,7,6,0,
2/25/2026,Product Manager,ZipRecruiter,336.18,156,3,3,0,
2/25/2026,Product Manager,Niche Tech Board,128.73,31,13,10,3,
2/26/2026,Software Engineer - L3,Google Jobs,199.62,112,14,11,1,
2/26/2026,Software Engineer - L3,Indeed,240.86,140,9,7,0,
2/26/2026,Software Engineer - L3,LinkedIn,178.64,50,5,4,0,
2/26/2026,Software Engineer - L3,ZipRecruiter,239.7,105,5,4,0,
2/26/2026,Software Engineer - L3,Niche Tech Board,133.26,35,9,7,2,
2/26/2026,Data Analyst - Mid,Google Jobs,156.83,81,6,5,0,
2/26/2026,Data Analyst - Mid,Indeed,105.05,55,2,2,0,
2/26/2026,Data Analyst - Mid,LinkedIn,155.85,44,5,4,0,
2/26/2026,Data Analyst - Mid,ZipRecruiter,333.22,164,9,7,0,
2/26/2026,Data Analyst - Mid,Niche Tech Board,137.78,28,7,6,2,
2/26/2026,Product Manager,Google Jobs,126.73,79,11,9,0,
2/26/2026,Product Manager,Indeed,212.23,115,11,9,1,
2/26/2026,Product Manager,LinkedIn,186.22,72,9,7,0,
2/26/2026,Product Manager,ZipRecruiter,203.36,99,5,4,0,
2/26/2026,Product Manager,Niche Tech Board,101.89,22,6,5,1,
2/27/2026,Software Engineer - L3,Google Jobs,196.44,92,11,9,0,
2/27/2026,Software Engineer - L3,Indeed,225.57,133,11,9,0,
2/27/2026,Software Engineer - L3,LinkedIn,279.66,82,11,9,1,
2/27/2026,Software Engineer - L3,ZipRecruiter,313.51,148,7,6,0,
2/27/2026,Software Engineer - L3,Niche Tech Board,96.02,21,9,7,2,
2/27/2026,Data Analyst - Mid,Google Jobs,154.19,76,6,5,0,
2/27/2026,Data Analyst - Mid,Indeed,247.17,143,14,11,1,
2/27/2026,Data Analyst - Mid,LinkedIn,238.97,92,13,10,1,
2/27/2026,Data Analyst - Mid,ZipRecruiter,301.63,146,9,7,0,
2/27/2026,Data Analyst - Mid,Niche Tech Board,115.03,25,9,7,2,
2/27/2026,Product Manager,Google Jobs,147.53,89,10,8,0,
2/27/2026,Product Manager,Indeed,126.9,71,5,4,0,
2/27/2026,Product Manager,LinkedIn,275.61,100,10,8,1,
2/27/2026,Product Manager,ZipRecruiter,291.45,127,6,5,0,
2/27/2026,Product Manager,Niche Tech Board,147.26,34,11,9,2,
2/28/2026,Software Engineer - L3,Google Jobs,135.37,65,5,4,0,
2/28/2026,Software Engineer - L3,Indeed,187.48,111,7,6,0,
2/28/2026,Software Engineer - L3,LinkedIn,154.76,49,5,4,0,
2/28/2026,Software Engineer - L3,ZipRecruiter,332.15,137,6,5,0,
2/28/2026,Software Engineer - L3,Niche Tech Board,140.41,29,7,6,2,
2/28/2026,Data Analyst - Mid,Google Jobs,148.65,64,9,7,0,
2/28/2026,Data Analyst - Mid,Indeed,234.6,138,15,12,0,
2/28/2026,Data Analyst - Mid,LinkedIn,277.11,106,13,10,1,
2/28/2026,Data Analyst - Mid,ZipRecruiter,346.3,146,7,6,0,
2/28/2026,Data Analyst - Mid,Niche Tech Board,85.96,21,5,4,1,
2/28/2026,Product Manager,Google Jobs,142.94,72,6,5,0,
2/28/2026,Product Manager,Indeed,125.12,94,10,8,0,
2/28/2026,Product Manager,LinkedIn,295.16,93,11,9,1,
2/28/2026,Product Manager,ZipRecruiter,248.94,123,3,3,0,
2/28/2026,Product Manager,Niche Tech Board,97.95,24,9,7,1,
3/1/2026,Software Engineer - L3,Google Jobs,141.05,61,5,4,0,
3/1/2026,Software Engineer - L3,Indeed,229.7,173,9,7,0,
3/1/2026,Software Engineer - L3,LinkedIn,195.36,58,9,7,0,
3/1/2026,Software Engineer - L3,ZipRecruiter,287.1,133,3,3,0,
3/1/2026,Software Engineer - L3,Niche Tech Board,99.15,23,5,4,1,
3/1/2026,Data Analyst - Mid,Google Jobs,150.65,64,5,4,0,
3/1/2026,Data Analyst - Mid,Indeed,168.76,94,7,6,0,
3/1/2026,Data Analyst - Mid,LinkedIn,266.56,70,9,7,1,
3/1/2026,Data Analyst - Mid,ZipRecruiter,326.02,130,7,6,0,
3/1/2026,Data Analyst - Mid,Niche Tech Board,93.66,22,7,6,1,
3/1/2026,Product Manager,Google Jobs,168.32,71,6,5,0,
3/1/2026,Product Manager,Indeed,161.02,110,7,6,0,
3/1/2026,Product Manager,LinkedIn,168.9,60,10,8,0,
3/1/2026,Product Manager,ZipRecruiter,285.16,129,5,4,0,
3/1/2026,Product Manager,Niche Tech Board,96.09,22,6,5,1,
3/2/2026,Software Engineer - L3,Google Jobs,134.12,64,5,4,0,
3/2/2026,Software Engineer - L3,Indeed,132.81,98,9,7,0,
3/2/2026,Software Engineer - L3,LinkedIn,289.07,73,10,8,0,
3/2/2026,Software Engineer - L3,ZipRecruiter,256.18,108,3,3,0,
3/2/2026,Software Engineer - L3,Niche Tech Board,118.97,24,9,7,1,
3/2/2026,Data Analyst - Mid,Google Jobs,187.28,108,9,7,0,
3/2/2026,Data Analyst - Mid,Indeed,137.45,97,3,3,0,
3/2/2026,Data Analyst - Mid,LinkedIn,268.89,78,13,10,1,
3/2/2026,Data Analyst - Mid,ZipRecruiter,268.75,131,2,2,0,
3/2/2026,Data Analyst - Mid,Niche Tech Board,144.45,40,11,9,2,
3/2/2026,Product Manager,Google Jobs,143.81,59,6,5,0,
3/2/2026,Product Manager,Indeed,214.09,161,13,10,0,
3/2/2026,Product Manager,LinkedIn,239.54,59,9,7,0,
3/2/2026,Product Manager,ZipRecruiter,324.13,168,3,3,0,
3/2/2026,Product Manager,Niche Tech Board,103.83,24,9,7,2,
3/3/2026,Software Engineer - L3,Google Jobs,170.99,85,6,5,0,
3/3/2026,Software Engineer - L3,Indeed,182.67,117,11,9,0,
3/3/2026,Software Engineer - L3,LinkedIn,153.75,48,5,4,0,
3/3/2026,Software Engineer - L3,ZipRecruiter,308.69,164,7,6,0,
3/3/2026,Software Engineer - L3,Niche Tech Board,92.14,22,9,7,2,
3/3/2026,Data Analyst - Mid,Google Jobs,195.08,120,15,12,1,
3/3/2026,Data Analyst - Mid,Indeed,201.61,121,13,10,0,
3/3/2026,Data Analyst - Mid,LinkedIn,159.92,63,10,8,1,
3/3/2026,Data Analyst - Mid,ZipRecruiter,316.29,161,5,4,0,
3/3/2026,Data Analyst - Mid,Niche Tech Board,147.3,32,13,10,2,
3/3/2026,Product Manager,Google Jobs,181.15,83,7,6,0,
3/3/2026,Product Manager,Indeed,242.07,126,11,9,0,
3/3/2026,Product Manager,LinkedIn,192.24,48,3,3,0,
3/3/2026,Product Manager,ZipRecruiter,305.94,136,7,6,0,
3/3/2026,Product Manager,Niche Tech Board,103.8,28,9,7,2,
3/4/2026,Software Engineer - L3,Google Jobs,154.34,66,9,7,0,
3/4/2026,Software Engineer - L3,Indeed,155.88,80,3,3,0,
3/4/2026,Software Engineer - L3,LinkedIn,174.42,51,5,4,0,
3/4/2026,Software Engineer - L3,ZipRecruiter,267.01,124,3,3,0,
3/4/2026,Software Engineer - L3,Niche Tech Board,126.33,27,10,8,2,
3/4/2026,Data Analyst - Mid,Google Jobs,210.44,90,11,9,0,
3/4/2026,Data Analyst - Mid,Indeed,101.03,73,6,5,0,
3/4/2026,Data Analyst - Mid,LinkedIn,210.36,54,9,7,1,
3/4/2026,Data Analyst - Mid,ZipRecruiter,247.08,108,3,3,0,
3/4/2026,Data Analyst - Mid,Niche Tech Board,92.92,23,7,6,2,
3/4/2026,Product Manager,Google Jobs,131.99,59,6,5,0,
3/4/2026,Product Manager,Indeed,173.92,120,10,8,0,
3/4/2026,Product Manager,LinkedIn,174.66,65,9,7,1,
3/4/2026,Product Manager,ZipRecruiter,251.59,108,5,4,0,
3/4/2026,Product Manager,Niche Tech Board,137.47,31,11,9,3,
3/5/2026,Software Engineer - L3,Google Jobs,159.95,87,6,5,0,
3/5/2026,Software Engineer - L3,Indeed,220.15,171,14,11,0,
3/5/2026,Software Engineer - L3,LinkedIn,167.81,42,3,3,0,
3/5/2026,Software Engineer - L3,ZipRecruiter,289.23,124,2,2,0,
3/5/2026,Software Engineer - L3,Niche Tech Board,117.26,32,9,7,2,
3/5/2026,Data Analyst - Mid,Google Jobs,149.64,61,7,6,0,
3/5/2026,Data Analyst - Mid,Indeed,138.95,70,5,4,0,
3/5/2026,Data Analyst - Mid,LinkedIn,157.55,61,9,7,1,
3/5/2026,Data Analyst - Mid,ZipRecruiter,233.98,104,2,2,0,
3/5/2026,Data Analyst - Mid,Niche Tech Board,105.14,22,9,7,2,
3/5/2026,Product Manager,Google Jobs,155.08,83,10,8,0,
3/5/2026,Product Manager,Indeed,131.36,103,7,6,0,
3/5/2026,Product Manager,LinkedIn,276.14,97,13,10,1,
3/5/2026,Product Manager,ZipRecruiter,323.54,156,6,5,0,
3/5/2026,Product Manager,Niche Tech Board,145.28,39,16,13,4,
3/6/2026,Software Engineer - L3,Google Jobs,173.16,112,11,9,0,
3/6/2026,Software Engineer - L3,Indeed,124.18,71,7,6,0,
3/6/2026,Software Engineer - L3,LinkedIn,257.21,98,13,10,1,
3/6/2026,Software Engineer - L3,ZipRecruiter,291.92,118,5,4,0,
3/6/2026,Software Engineer - L3,Niche Tech Board,104.83,24,7,6,2,
3/6/2026,Data Analyst - Mid,Google Jobs,201.47,95,9,7,0,
3/6/2026,Data Analyst - Mid,Indeed,115.88,78,5,4,0,
3/6/2026,Data Analyst - Mid,LinkedIn,248.72,95,13,10,1,
3/6/2026,Data Analyst - Mid,ZipRecruiter,223.52,93,1,1,0,
3/6/2026,Data Analyst - Mid,Niche Tech Board,91.77,19,6,5,1,
3/6/2026,Product Manager,Google Jobs,170.24,76,10,8,0,
3/6/2026,Product Manager,Indeed,232.93,119,13,10,0,
3/6/2026,Product Manager,LinkedIn,244.47,78,13,10,1,
3/6/2026,Product Manager,ZipRecruiter,301.62,143,6,5,0,
3/6/2026,Product Manager,Niche Tech Board,90.25,19,6,5,1,
3/7/2026,Software Engineer - L3,Google Jobs,163.13,86,11,9,0,
3/7/2026,Software Engineer - L3,Indeed,226.63,142,11,9,0,
3/7/2026,Software Engineer - L3,LinkedIn,235.96,78,7,6,0,
3/7/2026,Software Engineer - L3,ZipRecruiter,200.96,80,3,3,0,
3/7/2026,Software Engineer - L3,Niche Tech Board,130.99,32,11,9,3,
3/7/2026,Data Analyst - Mid,Google Jobs,214.68,112,14,11,1,
3/7/2026,Data Analyst - Mid,Indeed,248.55,203,18,14,1,
3/7/2026,Data Analyst - Mid,LinkedIn,253.21,94,16,13,1,
3/7/2026,Data Analyst - Mid,ZipRecruiter,293.41,150,5,4,0,
3/7/2026,Data Analyst - Mid,Niche Tech Board,109.2,29,7,6,1,
3/7/2026,Product Manager,Google Jobs,195.73,81,6,5,0,
3/7/2026,Product Manager,Indeed,115.04,94,7,6,0,
3/7/2026,Product Manager,LinkedIn,174.45,61,5,4,0,
3/7/2026,Product Manager,ZipRecruiter,346.2,182,5,4,0,
3/7/2026,Product Manager,Niche Tech Board,144.85,35,9,7,1,
3/8/2026,Software Engineer - L3,Google Jobs,177.39,93,6,5,0,
3/8/2026,Software Engineer - L3,Indeed,101.7,55,3,3,0,
3/8/2026,Software Engineer - L3,LinkedIn,238.25,76,14,11,1,
3/8/2026,Software Engineer - L3,ZipRecruiter,241.29,105,2,2,0,
3/8/2026,Software Engineer - L3,Niche Tech Board,106.23,24,5,4,1,
3/8/2026,Data Analyst - Mid,Google Jobs,203.24,88,7,6,0,
3/8/2026,Data Analyst - Mid,Indeed,222.6,114,6,5,0,
3/8/2026,Data Analyst - Mid,LinkedIn,200.62,52,5,4,0,
3/8/2026,Data Analyst - Mid,ZipRecruiter,312.87,170,6,5,0,
3/8/2026,Data Analyst - Mid,Niche Tech Board,103.41,25,7,6,1,
3/8/2026,Product Manager,Google Jobs,177.2,76,10,8,0,
3/8/2026,Product Manager,Indeed,122.39,86,5,4,0,
3/8/2026,Product Manager,LinkedIn,251.95,97,9,7,0,
3/8/2026,Product Manager,ZipRecruiter,304.57,157,7,6,0,
3/8/2026,Product Manager,Niche Tech Board,142.03,29,9,7,1,
3/9/2026,Software Engineer - L3,Google Jobs,161.13,92,11,9,1,
3/9/2026,Software Engineer - L3,Indeed,200.96,108,7,6,0,
3/9/2026,Software Engineer - L3,LinkedIn,260.69,85,13,10,1,
3/9/2026,Software Engineer - L3,ZipRecruiter,212.18,85,2,2,0,
3/9/2026,Software Engineer - L3,Niche Tech Board,148.41,31,11,9,3,
3/9/2026,Data Analyst - Mid,Google Jobs,206.61,115,13,10,1,
3/9/2026,Data Analyst - Mid,Indeed,161.68,104,6,5,0,
3/9/2026,Data Analyst - Mid,LinkedIn,277.59,99,18,14,2,
3/9/2026,Data Analyst - Mid,ZipRecruiter,323.49,147,7,6,0,
3/9/2026,Data Analyst - Mid,Niche Tech Board,137.29,38,15,12,4,
3/9/2026,Product Manager,Google Jobs,149.41,87,11,9,0,
3/9/2026,Product Manager,Indeed,229.83,179,10,8,0,
3/9/2026,Product Manager,LinkedIn,251.08,66,7,6,1,
3/9/2026,Product Manager,ZipRecruiter,289.14,130,6,5,0,
3/9/2026,Product Manager,Niche Tech Board,110.03,28,10,8,2,
3/10/2026,Software Engineer - L3,Google Jobs,189.24,109,13,10,1,
3/10/2026,Software Engineer - L3,Indeed,132.81,106,5,4,0,
3/10/2026,Software Engineer - L3,LinkedIn,277.42,108,18,14,1,
3/10/2026,Software Engineer - L3,ZipRecruiter,271.78,110,3,3,0,
3/10/2026,Software Engineer - L3,Niche Tech Board,80.96,22,6,5,1,
3/10/2026,Data Analyst - Mid,Google Jobs,183.14,95,10,8,0,
3/10/2026,Data Analyst - Mid,Indeed,144.39,83,9,7,0,
3/10/2026,Data Analyst - Mid,LinkedIn,283.56,84,13,10,1,
3/10/2026,Data Analyst - Mid,ZipRecruiter,210.41,112,5,4,0,
3/10/2026,Data Analyst - Mid,Niche Tech Board,144.21,35,9,7,2,
3/10/2026,Product Manager,Google Jobs,149.34,73,9,7,1,
3/10/2026,Product Manager,Indeed,218.83,125,11,9,1,
3/10/2026,Product Manager,LinkedIn,194.37,77,9,7,0,
3/10/2026,Product Manager,ZipRecruiter,299.28,133,6,5,0,
3/10/2026,Product Manager,Niche Tech Board,131.01,32,11,9,3,
3/11/2026,Software Engineer - L3,Google Jobs,154.27,94,7,6,0,
3/11/2026,Software Engineer - L3,Indeed,237.76,138,7,6,0,
3/11/2026,Software Engineer - L3,LinkedIn,259.34,70,7,6,0,
3/11/2026,Software Engineer - L3,ZipRecruiter,306.82,149,5,4,0,
3/11/2026,Software Engineer - L3,Niche Tech Board,117.82,24,10,8,2,
3/11/2026,Data Analyst - Mid,Google Jobs,171.45,108,13,10,1,
3/11/2026,Data Analyst - Mid,Indeed,191.07,126,7,6,0,
3/11/2026,Data Analyst - Mid,LinkedIn,197.24,74,7,6,1,
3/11/2026,Data Analyst - Mid,ZipRecruiter,266.62,122,6,5,0,
3/11/2026,Data Analyst - Mid,Niche Tech Board,120.79,25,7,6,1,
3/11/2026,Product Manager,Google Jobs,160.27,73,9,7,0,
3/11/2026,Product Manager,Indeed,119.98,70,3,3,0,
3/11/2026,Product Manager,LinkedIn,254.01,71,11,9,1,
3/11/2026,Product Manager,ZipRecruiter,274.99,118,5,4,0,
3/11/2026,Product Manager,Niche Tech Board,81.8,20,6,5,1,
3/12/2026,Software Engineer - L3,Google Jobs,205,120,10,8,1,
3/12/2026,Software Engineer - L3,Indeed,116.21,73,6,5,0,
3/12/2026,Software Engineer - L3,LinkedIn,162.9,63,6,5,0,
3/12/2026,Software Engineer - L3,ZipRecruiter,281.65,143,6,5,0,
3/12/2026,Software Engineer - L3,Niche Tech Board,82.91,19,6,5,1,
3/12/2026,Data Analyst - Mid,Google Jobs,150.78,71,10,8,1,
3/12/2026,Data Analyst - Mid,Indeed,187.47,105,7,6,0,
3/12/2026,Data Analyst - Mid,LinkedIn,219.93,78,13,10,1,
3/12/2026,Data Analyst - Mid,ZipRecruiter,253.79,104,2,2,0,
3/12/2026,Data Analyst - Mid,Niche Tech Board,83.98,18,6,5,1,
3/12/2026,Product Manager,Google Jobs,187.57,98,13,10,1,
3/12/2026,Product Manager,Indeed,161.84,83,5,4,0,
3/12/2026,Product Manager,LinkedIn,237.68,60,7,6,0,
3/12/2026,Product Manager,ZipRecruiter,250.9,116,2,2,0,
3/12/2026,Product Manager,Niche Tech Board,149.84,35,10,8,2,
3/13/2026,Software Engineer - L3,Google Jobs,131.51,55,5,4,0,
3/13/2026,Software Engineer - L3,Indeed,198.95,128,11,9,0,
3/13/2026,Software Engineer - L3,LinkedIn,272.06,69,10,8,1,
3/13/2026,Software Engineer - L3,ZipRecruiter,222.71,104,3,3,0,
3/13/2026,Software Engineer - L3,Niche Tech Board,108.1,26,6,5,1,
3/13/2026,Data Analyst - Mid,Google Jobs,136.27,60,5,4,0,
3/13/2026,Data Analyst - Mid,Indeed,182.85,109,11,9,0,
3/13/2026,Data Analyst - Mid,LinkedIn,201.82,54,7,6,0,
3/13/2026,Data Analyst - Mid,ZipRecruiter,284.88,116,3,3,0,
3/13/2026,Data Analyst - Mid,Niche Tech Board,90.04,24,7,6,2,
3/13/2026,Product Manager,Google Jobs,128.06,52,6,5,0,
3/13/2026,Product Manager,Indeed,224.27,177,14,11,1,
3/13/2026,Product Manager,LinkedIn,274.3,74,9,7,1,
3/13/2026,Product Manager,ZipRecruiter,218.65,90,5,4,0,
3/13/2026,Product Manager,Niche Tech Board,130.54,36,11,9,2,
3/14/2026,Software Engineer - L3,Google Jobs,178.06,73,9,7,0,
3/14/2026,Software Engineer - L3,Indeed,221.45,112,5,4,0,
3/14/2026,Software Engineer - L3,LinkedIn,162.92,43,5,4,0,
3/14/2026,Software Engineer - L3,ZipRecruiter,265.98,118,3,3,0,
3/14/2026,Software Engineer - L3,Niche Tech Board,121.96,25,7,6,1,
3/14/2026,Data Analyst - Mid,Google Jobs,164.26,106,14,11,1,
3/14/2026,Data Analyst - Mid,Indeed,188.2,126,13,10,0,
3/14/2026,Data Analyst - Mid,LinkedIn,273.89,79,13,10,1,
3/14/2026,Data Analyst - Mid,ZipRecruiter,262.12,106,3,3,0,
3/14/2026,Data Analyst - Mid,Niche Tech Board,95.43,21,7,6,1,
3/14/2026,Product Manager,Google Jobs,125.96,59,7,6,0,
3/14/2026,Product Manager,Indeed,134.02,77,3,3,0,
3/14/2026,Product Manager,LinkedIn,174.51,62,6,5,0,
3/14/2026,Product Manager,ZipRecruiter,207.67,99,3,3,0,
3/14/2026,Product Manager,Niche Tech Board,106.79,22,5,4,1,
3/15/2026,Software Engineer - L3,Google Jobs,126.2,80,9,7,0,
3/15/2026,Software Engineer - L3,Indeed,231.71,140,15,12,0,
3/15/2026,Software Engineer - L3,LinkedIn,164.7,64,6,5,0,
3/15/2026,Software Engineer - L3,ZipRecruiter,296.84,162,9,7,0,
3/15/2026,Software Engineer - L3,Niche Tech Board,100.76,27,7,6,1,
3/15/2026,Data Analyst - Mid,Google Jobs,132.33,65,5,4,0,
3/15/2026,Data Analyst - Mid,Indeed,248.43,142,15,12,0,
3/15/2026,Data Analyst - Mid,LinkedIn,207.32,62,6,5,0,
3/15/2026,Data Analyst - Mid,ZipRecruiter,300.57,133,5,4,0,
3/15/2026,Data Analyst - Mid,Niche Tech Board,109.08,30,9,7,1,
3/15/2026,Product Manager,Google Jobs,129.84,52,5,4,0,
3/15/2026,Product Manager,Indeed,147.3,97,6,5,0,
3/15/2026,Product Manager,LinkedIn,176.85,47,6,5,0,
3/15/2026,Product Manager,ZipRecruiter,271.26,110,2,2,0,
3/15/2026,Product Manager,Niche Tech Board,104.5,22,9,7,2,
3/16/2026,Software Engineer - L3,Google Jobs,207.43,89,7,6,0,
3/16/2026,Software Engineer - L3,Indeed,161.45,81,3,3,0,
3/16/2026,Software Engineer - L3,LinkedIn,200.13,55,7,6,0,
3/16/2026,Software Engineer - L3,ZipRecruiter,324.89,137,7,6,0,
3/16/2026,Software Engineer - L3,Niche Tech Board,128.44,34,10,8,2,
3/16/2026,Data Analyst - Mid,Google Jobs,160.27,79,11,9,0,
3/16/2026,Data Analyst - Mid,Indeed,201.32,132,7,6,0,
3/16/2026,Data Analyst - Mid,LinkedIn,292.39,76,13,10,1,
3/16/2026,Data Analyst - Mid,ZipRecruiter,231.25,112,5,4,0,
3/16/2026,Data Analyst - Mid,Niche Tech Board,109.29,27,9,7,2,
3/16/2026,Product Manager,Google Jobs,136.15,69,7,6,0,
3/16/2026,Product Manager,Indeed,131.52,73,3,3,0,
3/16/2026,Product Manager,LinkedIn,267.03,79,9,7,1,
3/16/2026,Product Manager,ZipRecruiter,285.11,120,6,5,0,
3/16/2026,Product Manager,Niche Tech Board,114.17,30,9,7,2,
3/17/2026,Software Engineer - L3,Google Jobs,179.93,89,7,6,0,
3/17/2026,Software Engineer - L3,Indeed,174.44,122,11,9,0,
3/17/2026,Software Engineer - L3,LinkedIn,237.72,60,6,5,0,
3/17/2026,Software Engineer - L3,ZipRecruiter,213.71,95,3,3,0,
3/17/2026,Software Engineer - L3,Niche Tech Board,116.5,24,6,5,1,
3/17/2026,Data Analyst - Mid,Google Jobs,206.17,99,14,11,1,
3/17/2026,Data Analyst - Mid,Indeed,221.52,143,14,11,1,
3/17/2026,Data Analyst - Mid,LinkedIn,235.82,85,10,8,0,
3/17/2026,Data Analyst - Mid,ZipRecruiter,237.03,117,5,4,0,
3/17/2026,Data Analyst - Mid,Niche Tech Board,109.85,24,6,5,1,
3/17/2026,Product Manager,Google Jobs,137.18,67,5,4,0,
3/17/2026,Product Manager,Indeed,160.05,86,3,3,0,
3/17/2026,Product Manager,LinkedIn,250.33,67,11,9,0,
3/17/2026,Product Manager,ZipRecruiter,223.07,92,3,3,0,
3/17/2026,Product Manager,Niche Tech Board,126.41,27,11,9,3,
3/18/2026,Software Engineer - L3,Google Jobs,192.02,107,15,12,1,
3/18/2026,Software Engineer - L3,Indeed,134.66,70,3,3,0,
3/18/2026,Software Engineer - L3,LinkedIn,170.72,45,6,5,0,
3/18/2026,Software Engineer - L3,ZipRecruiter,235.86,101,5,4,0,
3/18/2026,Software Engineer - L3,Niche Tech Board,108.75,28,11,9,3,
3/18/2026,Data Analyst - Mid,Google Jobs,213.45,118,15,12,1,
3/18/2026,Data Analyst - Mid,Indeed,203.75,103,7,6,0,
3/18/2026,Data Analyst - Mid,LinkedIn,250.76,69,10,8,0,
3/18/2026,Data Analyst - Mid,ZipRecruiter,275.67,136,5,4,0,
3/18/2026,Data Analyst - Mid,Niche Tech Board,132.17,34,10,8,2,
3/18/2026,Product Manager,Google Jobs,139.86,61,7,6,0,
3/18/2026,Product Manager,Indeed,212.69,110,11,9,0,
3/18/2026,Product Manager,LinkedIn,293.44,95,11,9,0,
3/18/2026,Product Manager,ZipRecruiter,272.93,145,3,3,0,
3/18/2026,Product Manager,Niche Tech Board,136.62,28,7,6,2,
3/19/2026,Software Engineer - L3,Google Jobs,205.72,90,7,6,0,
3/19/2026,Software Engineer - L3,Indeed,241.75,138,9,7,0,
3/19/2026,Software Engineer - L3,LinkedIn,246.86,75,7,6,0,
3/19/2026,Software Engineer - L3,ZipRecruiter,320.36,133,3,3,0,
3/19/2026,Software Engineer - L3,Niche Tech Board,103.02,22,7,6,2,
3/19/2026,Data Analyst - Mid,Google Jobs,214.57,118,16,13,1,
3/19/2026,Data Analyst - Mid,Indeed,205.76,114,10,8,0,
3/19/2026,Data Analyst - Mid,LinkedIn,280.96,102,10,8,1,
3/19/2026,Data Analyst - Mid,ZipRecruiter,271.32,113,3,3,0,
3/19/2026,Data Analyst - Mid,Niche Tech Board,138.55,32,9,7,2,
3/19/2026,Product Manager,Google Jobs,171.11,81,9,7,0,
3/19/2026,Product Manager,Indeed,224.43,126,6,5,0,
3/19/2026,Product Manager,LinkedIn,250.65,70,9,7,1,
3/19/2026,Product Manager,ZipRecruiter,308.81,164,6,5,0,
3/19/2026,Product Manager,Niche Tech Board,83.3,16,5,4,1,
3/20/2026,Software Engineer - L3,Google Jobs,147.06,84,11,9,0,
3/20/2026,Software Engineer - L3,Indeed,216.33,142,7,6,0,
3/20/2026,Software Engineer - L3,LinkedIn,231.64,58,7,6,0,
3/20/2026,Software Engineer - L3,ZipRecruiter,251.61,116,3,3,0,
3/20/2026,Software Engineer - L3,Niche Tech Board,115.39,27,6,5,1,
3/20/2026,Data Analyst - Mid,Google Jobs,145,92,11,9,1,
3/20/2026,Data Analyst - Mid,Indeed,162.27,105,10,8,0,
3/20/2026,Data Analyst - Mid,LinkedIn,273.04,78,10,8,1,
3/20/2026,Data Analyst - Mid,ZipRecruiter,238.5,102,3,3,0,
3/20/2026,Data Analyst - Mid,Niche Tech Board,121.72,24,7,6,2,
3/20/2026,Product Manager,Google Jobs,154.5,99,9,7,0,
3/20/2026,Product Manager,Indeed,132.95,110,11,9,0,
3/20/2026,Product Manager,LinkedIn,261.34,94,10,8,0,
3/20/2026,Product Manager,ZipRecruiter,308.6,125,5,4,0,
3/20/2026,Product Manager,Niche Tech Board,115.87,28,9,7,2,
3/21/2026,Software Engineer - L3,Google Jobs,191.87,119,9,7,1,
3/21/2026,Software Engineer - L3,Indeed,134.91,108,6,5,0,
3/21/2026,Software Engineer - L3,LinkedIn,208.77,56,6,5,0,
3/21/2026,Software Engineer - L3,ZipRecruiter,301.34,139,7,6,0,
3/21/2026,Software Engineer - L3,Niche Tech Board,80.69,17,5,4,1,
3/21/2026,Data Analyst - Mid,Google Jobs,168.32,67,9,7,0,
3/21/2026,Data Analyst - Mid,Indeed,180.76,90,9,7,0,
3/21/2026,Data Analyst - Mid,LinkedIn,255.96,84,7,6,0,
3/21/2026,Data Analyst - Mid,ZipRecruiter,235.21,99,2,2,0,
3/21/2026,Data Analyst - Mid,Niche Tech Board,80.04,20,5,4,1,
3/21/2026,Product Manager,Google Jobs,126.82,75,7,6,0,
3/21/2026,Product Manager,Indeed,162.61,108,11,9,1,
3/21/2026,Product Manager,LinkedIn,223.94,74,7,6,1,
3/21/2026,Product Manager,ZipRecruiter,209.03,104,3,3,0,
3/21/2026,Product Manager,Niche Tech Board,91.5,19,5,4,1,
3/22/2026,Software Engineer - L3,Google Jobs,132.38,84,11,9,0,
3/22/2026,Software Engineer - L3,Indeed,223.19,136,6,5,0,
3/22/2026,Software Engineer - L3,LinkedIn,187.04,49,5,4,0,
3/22/2026,Software Engineer - L3,ZipRecruiter,201.98,93,5,4,0,
3/22/2026,Software Engineer - L3,Niche Tech Board,143.64,30,11,9,2,
3/22/2026,Data Analyst - Mid,Google Jobs,148.42,82,7,6,0,
3/22/2026,Data Analyst - Mid,Indeed,181.68,136,13,10,0,
3/22/2026,Data Analyst - Mid,LinkedIn,196.55,60,10,8,1,
3/22/2026,Data Analyst - Mid,ZipRecruiter,296.83,155,6,5,0,
3/22/2026,Data Analyst - Mid,Niche Tech Board,106.42,25,6,5,1,
3/22/2026,Product Manager,Google Jobs,215.56,87,9,7,0,
3/22/2026,Product Manager,Indeed,126.86,83,9,7,0,
3/22/2026,Product Manager,LinkedIn,264.53,99,18,14,1,
3/22/2026,Product Manager,ZipRecruiter,316.29,155,7,6,0,
3/22/2026,Product Manager,Niche Tech Board,90.22,18,7,6,2,
3/23/2026,Software Engineer - L3,Google Jobs,182.54,79,6,5,0,
3/23/2026,Software Engineer - L3,Indeed,147.06,86,5,4,0,
3/23/2026,Software Engineer - L3,LinkedIn,239.47,64,7,6,0,
3/23/2026,Software Engineer - L3,ZipRecruiter,229.5,116,3,3,0,
3/23/2026,Software Engineer - L3,Niche Tech Board,122.07,26,7,6,2,
3/23/2026,Data Analyst - Mid,Google Jobs,140.41,71,9,7,0,
3/23/2026,Data Analyst - Mid,Indeed,116.48,61,3,3,0,
3/23/2026,Data Analyst - Mid,LinkedIn,153.8,43,5,4,0,
3/23/2026,Data Analyst - Mid,ZipRecruiter,291.47,148,5,4,0,
3/23/2026,Data Analyst - Mid,Niche Tech Board,90.3,22,5,4,1,
3/23/2026,Product Manager,Google Jobs,120.6,60,5,4,0,
3/23/2026,Product Manager,Indeed,238.91,179,19,15,0,
3/23/2026,Product Manager,LinkedIn,261.23,78,14,11,1,
3/23/2026,Product Manager,ZipRecruiter,280.18,144,3,3,0,
3/23/2026,Product Manager,Niche Tech Board,102.95,25,9,7,2,
3/24/2026,Software Engineer - L3,Google Jobs,215.21,96,11,9,1,
3/24/2026,Software Engineer - L3,Indeed,107.44,76,5,4,0,
3/24/2026,Software Engineer - L3,LinkedIn,261.59,67,9,7,0,
3/24/2026,Software Engineer - L3,ZipRecruiter,344.23,163,6,5,0,
3/24/2026,Software Engineer - L3,Niche Tech Board,143.67,33,13,10,3,
3/24/2026,Data Analyst - Mid,Google Jobs,154.18,79,10,8,0,
3/24/2026,Data Analyst - Mid,Indeed,219.09,112,9,7,0,
3/24/2026,Data Analyst - Mid,LinkedIn,270.76,71,9,7,0,
3/24/2026,Data Analyst - Mid,ZipRecruiter,260.28,114,3,3,0,
3/24/2026,Data Analyst - Mid,Niche Tech Board,104.99,23,6,5,1,
3/24/2026,Product Manager,Google Jobs,174.57,102,9,7,0,
3/24/2026,Product Manager,Indeed,172.39,125,14,11,1,
3/24/2026,Product Manager,LinkedIn,293.57,93,13,10,1,
3/24/2026,Product Manager,ZipRecruiter,278.76,121,3,3,0,
3/24/2026,Product Manager,Niche Tech Board,88.64,23,5,4,1,
3/25/2026,Software Engineer - L3,Google Jobs,217.73,124,15,12,1,
3/25/2026,Software Engineer - L3,Indeed,182.6,138,13,10,0,
3/25/2026,Software Engineer - L3,LinkedIn,259.69,71,13,10,1,
3/25/2026,Software Engineer - L3,ZipRecruiter,251.25,111,2,2,0,
3/25/2026,Software Engineer - L3,Niche Tech Board,88.36,22,9,7,2,
3/25/2026,Data Analyst - Mid,Google Jobs,159.36,80,10,8,0,
3/25/2026,Data Analyst - Mid,Indeed,230.45,181,18,14,1,
3/25/2026,Data Analyst - Mid,LinkedIn,177.27,56,6,5,0,
3/25/2026,Data Analyst - Mid,ZipRecruiter,280.3,124,3,3,0,
3/25/2026,Data Analyst - Mid,Niche Tech Board,82.9,20,6,5,1,
3/25/2026,Product Manager,Google Jobs,186.69,96,14,11,1,
3/25/2026,Product Manager,Indeed,239.52,147,9,7,0,
3/25/2026,Product Manager,LinkedIn,258.91,96,11,9,1,
3/25/2026,Product Manager,ZipRecruiter,284.66,128,3,3,0,
3/25/2026,Product Manager,Niche Tech Board,123.2,24,9,7,2,
3/26/2026,Software Engineer - L3,Google Jobs,196.22,93,7,6,0,
3/26/2026,Software Engineer - L3,Indeed,193.51,115,9,7,0,
3/26/2026,Software Engineer - L3,LinkedIn,200.17,61,6,5,0,
3/26/2026,Software Engineer - L3,ZipRecruiter,227.87,122,5,4,0,
3/26/2026,Software Engineer - L3,Niche Tech Board,110.64,28,9,7,2,
3/26/2026,Data Analyst - Mid,Google Jobs,213.29,88,9,7,0,
3/26/2026,Data Analyst - Mid,Indeed,210.57,171,13,10,0,
3/26/2026,Data Analyst - Mid,LinkedIn,288.08,114,16,13,2,
3/26/2026,Data Analyst - Mid,ZipRecruiter,272.75,146,9,7,0,
3/26/2026,Data Analyst - Mid,Niche Tech Board,122.99,31,10,8,2,
3/26/2026,Product Manager,Google Jobs,127.49,79,10,8,0,
3/26/2026,Product Manager,Indeed,129.24,80,7,6,0,
3/26/2026,Product Manager,LinkedIn,236.52,88,9,7,0,
3/26/2026,Product Manager,ZipRecruiter,325.12,172,3,3,0,
3/26/2026,Product Manager,Niche Tech Board,139.08,35,11,9,2,
3/27/2026,Software Engineer - L3,Google Jobs,164.91,79,9,7,0,
3/27/2026,Software Engineer - L3,Indeed,147.33,114,7,6,0,
3/27/2026,Software Engineer - L3,LinkedIn,264.99,67,11,9,1,
3/27/2026,Software Engineer - L3,ZipRecruiter,290.12,126,3,3,0,
3/27/2026,Software Engineer - L3,Niche Tech Board,111.9,26,10,8,2,
3/27/2026,Data Analyst - Mid,Google Jobs,151.8,62,3,3,0,
3/27/2026,Data Analyst - Mid,Indeed,236.92,140,11,9,0,
3/27/2026,Data Analyst - Mid,LinkedIn,201.49,53,7,6,0,
3/27/2026,Data Analyst - Mid,ZipRecruiter,214.94,118,6,5,0,
3/27/2026,Data Analyst - Mid,Niche Tech Board,122.22,33,11,9,3,
3/27/2026,Product Manager,Google Jobs,177.57,109,13,10,1,
3/27/2026,Product Manager,Indeed,160.96,84,7,6,0,
3/27/2026,Product Manager,LinkedIn,243.53,90,11,9,1,
3/27/2026,Product Manager,ZipRecruiter,336.32,144,6,5,0,
3/27/2026,Product Manager,Niche Tech Board,92.88,20,6,5,1,
3/28/2026,Software Engineer - L3,Google Jobs,181.66,117,11,9,1,
3/28/2026,Software Engineer - L3,Indeed,122.19,61,3,3,0,
3/28/2026,Software Engineer - L3,LinkedIn,180.53,49,6,5,0,
3/28/2026,Software Engineer - L3,ZipRecruiter,203.15,111,3,3,0,
3/28/2026,Software Engineer - L3,Niche Tech Board,141.97,39,13,10,3,
3/28/2026,Data Analyst - Mid,Google Jobs,158.8,68,5,4,0,
3/28/2026,Data Analyst - Mid,Indeed,212.71,108,9,7,0,
3/28/2026,Data Analyst - Mid,LinkedIn,290.73,99,13,10,1,
3/28/2026,Data Analyst - Mid,ZipRecruiter,314.8,128,3,3,0,
3/28/2026,Data Analyst - Mid,Niche Tech Board,131.7,36,11,9,2,
3/28/2026,Product Manager,Google Jobs,150.45,60,6,5,0,
3/28/2026,Product Manager,Indeed,246.49,164,16,13,1,
3/28/2026,Product Manager,LinkedIn,280.43,101,18,14,1,
3/28/2026,Product Manager,ZipRecruiter,248.93,106,3,3,0,
3/28/2026,Product Manager,Niche Tech Board,111.12,24,6,5,1,
3/29/2026,Software Engineer - L3,Google Jobs,149.99,75,6,5,0,
3/29/2026,Software Engineer - L3,Indeed,160,128,10,8,0,
3/29/2026,Software Engineer - L3,LinkedIn,172.76,50,7,6,0,
3/29/2026,Software Engineer - L3,ZipRecruiter,305.16,146,6,5,0,
3/29/2026,Software Engineer - L3,Niche Tech Board,128.42,28,6,5,1,
3/29/2026,Data Analyst - Mid,Google Jobs,217.9,113,13,10,1,
3/29/2026,Data Analyst - Mid,Indeed,207.59,124,11,9,0,
3/29/2026,Data Analyst - Mid,LinkedIn,218.53,68,9,7,1,
3/29/2026,Data Analyst - Mid,ZipRecruiter,304.57,163,9,7,0,
3/29/2026,Data Analyst - Mid,Niche Tech Board,84.81,19,5,4,1,
3/29/2026,Product Manager,Google Jobs,140.4,60,6,5,0,
3/29/2026,Product Manager,Indeed,245.78,152,10,8,0,
3/29/2026,Product Manager,LinkedIn,278.68,94,10,8,0,
3/29/2026,Product Manager,ZipRecruiter,244.68,104,3,3,0,
3/29/2026,Product Manager,Niche Tech Board,91.63,22,9,7,2,
3/30/2026,Software Engineer - L3,Google Jobs,218.81,110,9,7,0,
3/30/2026,Software Engineer - L3,Indeed,169.05,95,10,8,0,
3/30/2026,Software Engineer - L3,LinkedIn,164.5,45,5,4,0,
3/30/2026,Software Engineer - L3,ZipRecruiter,205.9,113,5,4,0,
3/30/2026,Software Engineer - L3,Niche Tech Board,112.74,25,7,6,1,
3/30/2026,Data Analyst - Mid,Google Jobs,198.35,131,16,13,1,
3/30/2026,Data Analyst - Mid,Indeed,164.93,101,7,6,0,
3/30/2026,Data Analyst - Mid,LinkedIn,283.11,73,9,7,1,
3/30/2026,Data Analyst - Mid,ZipRecruiter,339.04,137,5,4,0,
3/30/2026,Data Analyst - Mid,Niche Tech Board,99.51,20,5,4,1,
3/30/2026,Product Manager,Google Jobs,148.26,83,7,6,0,
3/30/2026,Product Manager,Indeed,108.24,65,2,2,0,
3/30/2026,Product Manager,LinkedIn,215.93,66,7,6,0,
3/30/2026,Product Manager,ZipRecruiter,213.05,105,6,5,0,
3/30/2026,Product Manager,Niche Tech Board,103.44,23,9,7,1,
3/31/2026,Software Engineer - L3,Google Jobs,201.07,82,6,5,0,
3/31/2026,Software Engineer - L3,Indeed,244.11,149,7,6,0,
3/31/2026,Software Engineer - L3,LinkedIn,217.49,61,10,8,1,
3/31/2026,Software Engineer - L3,ZipRecruiter,243.13,111,3,3,0,
3/31/2026,Software Engineer - L3,Niche Tech Board,91.84,18,6,5,1,
3/31/2026,Data Analyst - Mid,Google Jobs,180.32,104,11,9,1,
3/31/2026,Data Analyst - Mid,Indeed,177.28,88,7,6,0,
3/31/2026,Data Analyst - Mid,LinkedIn,265.82,96,13,10,1,
3/31/2026,Data Analyst - Mid,ZipRecruiter,264.77,112,3,3,0,
3/31/2026,Data Analyst - Mid,Niche Tech Board,120.35,29,11,9,2,
3/31/2026,Product Manager,Google Jobs,142.44,71,6,5,0,
3/31/2026,Product Manager,Indeed,197.24,122,9,7,0,
3/31/2026,Product Manager,LinkedIn,235.68,62,6,5,0,
3/31/2026,Product Manager,ZipRecruiter,330.2,149,7,6,0,
3/31/2026,Product Manager,Niche Tech Board,86.47,20,6,5,1,
